singerid,albumid
0003fb6d-1d28-44d4-9075-ca80ebab28f1,bd5fac11-7e9c-4787-b46b-6295cf2da8ca
0012b291-c2c9-47e8-b1a3-a42be44c554e,59272469-1e48-4d46-8f97-b3dbfa002f90
001e181f-0b37-4b64-af6a-00b4b2e9f2f8,5d37f13c-cff4-4217-b7eb-acc975a422e2
0139edd8-9706-440b-8c3f-3e6b9443b0f7,00af9442-e94f-40ec-b98a-0a33016d42f1
013a41ae-ee44-4988-b40b-59c7b5f18c8c,fec27d2e-54f4-4d5f-9f59-043e0ea14750
015ca161-5517-4c5a-bd19-8adedcae3155,4f304aef-d4cf-49bc-b70e-e13f8ca05f81
01b727da-daef-46eb-964d-58a49634a8c4,f9417862-4477-43c4-a458-abb4f9280d5f
01cd55e3-74c0-4dbe-afd1-7e82dd59d35e,2a1a4076-6be5-4525-816f-8cdb0e689c75
020725cd-e7ee-476d-b42b-28711aae8197,7d8b6921-b1fe-4ba7-ad9b-dd917bdd4b68
02712bd5-a8b7-4c4c-bb2f-4d9772d7aea2,3e2cb2f1-6eea-42c7-9e4d-2dec65b9e7c3
02712bd5-a8b7-4c4c-bb2f-4d9772d7aea2,f785600c-4f52-471a-8063-9a97f56b0293
027c7eb8-e6dc-4f43-aec3-f07cdf957266,742f68cd-9503-4228-81f9-0dcdf359843f
03daddf7-e343-4038-b899-49ea3eae74aa,f861005d-58a5-48cd-9215-565395ff6187
0405c188-a336-45e5-9a8c-ca7aa1f0f1ab,6e13e49c-95b9-4f12-bf00-8083d76ae25e
043aba13-5128-41e8-9404-67b2d9f44576,1e000f39-2d4c-4a64-8c5f-95d58c323ee3
04a85db4-6013-4ca0-8bff-94abb4c04a26,fc48da2d-ee28-438a-a772-5251c0d25185
05725a45-51dd-4da9-aa33-11e61801fa2c,9759de40-ecd2-46ff-8ff8-0774cfc1163a
05b10259-9a3c-4536-b47d-f815569307a7,984f82b7-a5fe-4f5b-ab47-2401ccf7c963
05f16ff1-6f6f-499f-b92e-d346b122f68f,4a729920-be5d-443c-8f71-f4621b07336f
07473c41-114d-4426-871d-9bffc2c0364c,aca70262-105a-4b38-a68f-84db0c9e2b1b
0780b342-7ae3-4bb1-9eac-00172b56d98b,d549cb42-41a8-4d53-b9cf-8a8e2d218fb8
0844a55b-cae4-403f-bd04-8ef14fa93a8d,32c65f3e-6b57-4a41-83bc-37862ec0ed70
085f0400-07f8-42a9-a260-09ab5d474e5c,3e7a016b-1c20-4961-addb-943ba0dce29b
087c94f7-d2b4-4330-8e4a-805f7cd61d05,f9f4fea3-9485-4d9f-a06e-27d096c48e7d
087d0aaf-2e8a-4e79-a010-cc4908c2b121,801e98e4-a801-41af-871e-ac24f7105c8a
087dbe1e-d8bb-4712-8c17-52f3da8a52f0,8df826eb-4d4b-4615-8c81-8c8324592643
08c25457-054d-4be9-b5c3-6fbaffd13d52,08dfddab-cdb8-4eb1-805b-02d5b1db10d6
08dd8985-4d70-40af-8bc3-e49e8e8e506e,311a8c7a-f534-466d-84aa-f9a114b1148a
09117083-c74f-4661-b9f6-8119b857258f,dba2abf3-ab49-4eab-9bec-4c02901259e1
09173d8f-9a4b-4785-af96-a0ce7a2d879d,55a7d56f-cfb0-40e4-98c4-592358ea15df
093afc95-883d-4366-9647-e4c624375d83,b917af86-4412-44ac-8744-36edf56e3b3b
098bc63e-cdcb-4c12-94a5-035e974da88b,1da6fada-5dff-436f-9f47-53f34c155330
09b2e0a0-c943-4ef3-9604-c5adad5c23ef,8968d245-53f3-48d6-8592-e5b1854aead1
09c1bf1d-5640-489b-a18e-e1c641598a8d,edea62f9-9a5e-47c3-ae76-39c1d93c8e94
0a95181f-c2e7-443d-a297-a584a6ad2447,27dc6c8c-f7c4-4c4e-ae08-b8238b8fe1cc
0b3802ad-6ff6-4965-8049-710730a89649,b7e2241d-751f-4277-b0cb-0ecfae5480e6
0ba4cec5-7161-4dae-8237-1efd19f2d8d6,b3ac7f9c-279b-44ad-baa8-d9dbfb6b3099
0bf1a9d9-482f-4053-a891-3b2666c45e62,d42a4327-9d8e-4b82-8ba4-5590508370ea
0bfc26fb-ff64-47d3-b008-e4e1b8da464b,5b94df49-9066-4f4b-ad06-b770d8bf6df2
0c2e660a-1827-465e-bb14-ea0bd003469d,395c513c-0a2c-4a60-8c29-72a8d69308df
0c628c54-cfab-4f0b-b3d9-2c36948903a2,c53485d4-5c5e-4f34-8187-a125ca0ff1d8
0c89bd07-dd9f-4445-9166-f691864d01f9,16467c88-da56-435e-ad68-29c9bc293e4d
0cef430b-b961-4124-9af4-bcb3568f9f57,71a3830a-35c0-4062-9f2d-d05d939b1011
0d12734f-002c-47a7-90bd-dbc05df325b5,58aeebfe-ba96-4e60-89ac-144b20d7262a
0d264e57-97bc-4738-8d2a-4d5c9fccde4e,c8a3ece6-4b16-4569-8f4f-315f6c425d34
0d356861-04de-4fed-b230-ba0c98d12880,a121a674-2a38-44ac-a970-ccf1c5e025a3
0d8bfcdc-9ee4-4702-a2e8-4972722ace9a,946ef019-2108-44f5-9240-f08cb3f72703
0da91335-2660-4ab5-879d-d315ff15c1cd,e9b9adee-fc39-473b-8f96-f54ef008332a
0de33357-ef58-48e9-9732-4924c6b5ae58,46d16c09-72e6-4ce5-a902-cbbefbc30314
0e08d4aa-8f73-414e-9285-81cee55d4dca,a0bc382a-e09d-4d40-acd0-cfc0ca3bc5d4
0e25b4cd-8318-4d57-b243-7bb4c8dbb697,a3c6870d-bc04-4db0-9d10-c39ad4933fea
0e90fb78-6152-4545-b44d-4a4bb08ac9ee,a9a2759e-cd7f-484e-a240-ce524acb27d6
0edeb631-34a6-451d-beb9-271577a543aa,24fee7b6-8133-40f0-b16d-300471ecc3a4
0ee27fe5-df39-44e2-9050-8723d87993f8,2d688ee6-1536-4973-a7e3-214baa2f350e
0f395983-1004-4039-b165-812f80f212d6,ca36cdc7-a4b2-41d0-8f0b-be9d05331d14
0f3d1ceb-a62e-4f9d-b5a4-a4b439d176ef,567ed848-d92d-46c0-ae9c-610cdbea11a4
0f661c4d-2e67-4959-9cde-e244e1363acb,55f3fd4e-4da2-4c8e-b6c0-715ee92d978c
0f6e04b1-9e42-430f-90ae-c85cba2f7487,f07e05a6-50ff-4da8-964c-e28cda94f20f
0fbcb151-0f82-4929-9784-8e1fb8db1e18,c74f0596-ff4c-4768-a533-aa21710d5195
0fd7b7a7-5d9e-4da3-982b-937808c55399,84c41297-8d56-4ecd-ad3e-01f231faa456
0fe84f34-45fc-4554-a2bf-55b22c9c8fa2,68bd5380-059c-401d-9acf-237d9b8f0a3a
1040552b-c10b-412b-b7a4-406b2efc55ac,1122f044-81d3-4578-919a-e6fcb3a82678
10409c47-9886-4e65-85c1-98f49ba034f3,6b8f4a9a-aded-48e7-b984-1782942048e5
1083142a-83c7-4ae6-8ddf-8639a2759027,d15829fc-21d3-458c-bc09-a5c259dcbc4b
108c6239-9fd6-404b-82fd-66efe94a8f97,276b6e69-ce48-4b1b-944b-919bf44cad10
10af4ddb-6bf9-4216-b4db-6ae5ce4a2c22,25e0832d-b101-45be-b5b8-1a1f243e4846
110a22fb-561b-4a55-9bb1-a325362c5f11,9d40c146-f32d-4971-9101-23a9ca50f3f2
113529f6-727f-4b55-ab3a-80319700c1d3,5b5c7288-855c-424a-8d91-b76159b6cd93
1207157f-05e3-4c6f-9f4e-45a45ed3046c,cd22ce77-0c44-4d3b-bf70-d7d883312899
123a8942-03a3-4538-a28a-2999beddd144,3bbe422b-6423-4d90-86b3-1c923615b1c2
1271515a-461b-4c3d-849a-61afd39d9a5f,d457664c-0994-4989-a7cc-2896c0574873
128e704b-6724-4417-bd48-ff7e859137fe,eb8dedab-10b2-4279-9b78-1bcb8652e9f4
13bddc5d-f730-4376-8f1b-fb51d3bc12d2,fc17686f-36a3-40e6-91e7-aa78ae72fd81
14654bf8-3c3e-48a2-bdff-ab166740b413,c7eba95b-c702-4968-aef0-16a6c580c3ba
151be1f9-37ec-4d5b-ad3b-3648992216c0,0f8b8d83-42cf-4b7d-8284-47cd3404b671
151f4913-e438-4733-b776-b00494867403,563012cd-a4d5-46b7-92f0-48ffe87beda4
15586292-28cd-48dc-b7a6-a3aac81cd4df,a4ed932c-7b74-4aed-87d4-88eae1a4af98
155fa761-e2d3-4b8c-ba24-74834da49356,3498a6fa-c006-47b1-afea-963c149bfbd3
161910b4-29a3-4b21-ada1-dcdef6cda401,203cef94-ca08-4073-a304-6bbbe96d6783
16a94a2f-70b0-4bf6-873b-af42de01cdd7,f84c7097-eeea-4c04-9ce1-6fdcdb3407b4
170bc630-8c1d-48d4-bcf7-b0dc9ce53524,86b81d36-b39f-4086-8207-2bc9a8bde792
173eda0a-836b-466d-ae70-0a97f3f7382d,caa5c9ff-9d05-42e4-8aab-6d2f9578d668
1750a97b-8da2-4873-b3ce-b1ad834630ff,20dbd3aa-7949-493b-93c9-e8057160c537
175182ce-2f68-4745-90b2-ca0bfaae9651,08548c62-c4a4-49a0-86d1-4321c67bd9c0
17f86f9a-2f56-4250-9157-ebb716b192a4,4be71d61-5b53-4df1-aad5-870e770f132d
18084eca-d58b-43f7-981f-0a536f37e3b3,2c24a164-1952-4093-8174-43c01781559e
184d1f1d-3908-4e73-9015-d60224ad49e2,1a5aba8e-3b21-4c23-9d3f-b4c2f9e9f527
194c53a0-029b-4ea7-86fe-6e86481cd277,e12fc8bf-2d04-4303-a0fd-2fa211db5cac
19866191-f323-4947-9e87-1ee4c172811b,a12389ec-26bb-4b3d-b1c0-697ac14584ea
19866191-f323-4947-9e87-1ee4c172811b,c293ffeb-5238-4e04-8353-1b3a33203e86
1998fd0c-42d2-46a7-a97e-1c5dc97c01ab,9d81f6b5-8119-4cdc-8bae-e2990cb18e2d
1a00ca6b-1c9b-41f5-98f0-2536a6735321,95b21ac8-62f6-4037-96c2-6a0b1adbe126
1ad5cca8-13eb-4872-94b6-b59743af4262,9edff889-0f6e-440f-bc39-6882d3fffd54
1b0a2f2c-eda5-4262-b967-07f448f807dc,2f552d9e-6b76-4f3b-a96b-a39d46bff7a0
1b0ff5c6-c1ca-428e-9fbf-8742e377907d,520dddf8-1273-4714-9880-7aae39ca19cb
1b17e16f-4694-4cd7-862a-01c174330cfc,5bd63ccd-b0c6-46be-9b0e-e071fe5fce56
1b6fb39f-22dc-4389-82af-bb7376a7fc6d,8e1405c0-ebe8-4db1-8e62-5844850bd68e
1bfee4da-94e6-4618-90d2-ea4cb565fd46,d9868797-bdc9-4817-8ce7-6aed79412998
1c0b1ea1-ff7a-49fe-8fd6-c8c55679f9d2,4156483d-3ddd-470b-ba1f-84e14a65d4f2
1c6f9bb7-7bd5-4cfb-a0bb-7f3a69d9e722,206842f5-d319-4694-87d9-d74f0a106f61
1d490fa3-ec99-4990-bd2b-5002f27d6b7b,26087428-d282-477f-a414-f04ff16bec1b
1d7ca7f2-efa7-4d84-9add-ab486c59b87f,f2e9141b-0c22-4c43-8f9f-4e01a877df2e
1e2150c3-419d-43de-8bc9-476ab8a9cf0e,bca0a49b-e2b9-43f7-bc31-33faa666e775
1e446780-8866-49e9-a45d-7fe8917eaa1a,071bc7a8-7aea-43eb-afa1-fe5f3b20d18b
1e4595ff-f675-4a49-acc4-2feced31524d,0fe9e652-7a67-4818-8e97-e1805ee41c29
1e94cacb-ea90-4789-97f9-72fb2e242485,baeafac5-a7b1-43ed-a252-bf7ad36b4fa2
1e9e9d16-911c-4549-938d-6b2337b638e5,e77f37bb-f13f-470a-8b62-d8ba8db0b632
1ee159f9-19bd-40a2-b168-095e9d2cc1b6,d4cd93ab-1eca-4241-9f31-0d9e86cb000e
1f45c170-f4b3-4a12-8f48-9add9c804d12,bdd92cfb-f017-4b3e-897f-3e8eea7cd92a
1f667696-e2a2-40b7-a42f-43f54f2ea5a0,b0df9a88-ce37-47ed-af0a-60c84ec06f4f
200dbe33-b4dc-4587-b67f-de824c539116,36a00977-1ff7-4dee-a195-5aea29cd2163
20410113-1a28-4614-bc04-e425004cd621,0b0f7b8c-b332-4201-a35b-b8f22474df86
204166eb-a8cd-40cf-83db-a68dc4e312b9,d8b3c267-36c6-4913-aacf-b170ced178bf
2058f5ad-4f7a-4fad-88ce-20334caec4b9,30811715-bfc5-4376-bb56-1fc89854731f
20fbfcc4-46cb-40cb-b0df-2e522a1998be,efb5fa00-dc39-4edf-bd4b-2eb2c01a798c
211b7f44-fd09-4b86-a652-005409a1569b,cf29114c-6441-482c-aef1-1f599390fd16
21920074-f402-403c-8ae2-e3741b281448,1af94ce0-30e2-4a60-9d1b-cbe9e9abf47c
219e851a-7dee-4ab8-a91c-ca94835add1c,06df5b32-a6e8-4143-b6af-7f20a7e5fc44
21bb373d-1c82-4939-b2de-ca352d4a3efa,8cd159cd-13e1-44db-9e3d-69d1aca54167
21d14233-52eb-4a94-a201-8a5d82f62813,073412ae-567c-4d73-96dd-ca8c1a6d3b40
22690544-6570-4eec-9fc2-e4c9b3e0a64d,4062d0b5-8611-4f76-b4b7-9accc6e1c109
22c3f03a-2b9a-401f-9def-99f019d42005,3fde57b0-bc74-4219-94e2-b9158825cd55
22dd218d-28c9-47db-9278-53806ef15947,6feda9ec-ff36-498e-9350-a5aaccad26c9
23093ba8-9483-42cb-9dcc-171490d24d93,3a7bf079-0050-4214-8b74-4b3e5699c26b
2314bb35-59c9-41fc-9b50-5cd19bd5e83a,89ce8c98-3291-4f4d-bcf6-6cd7d91212e8
231b1cde-3c8a-4a7f-935e-b9f2ed1765ba,226314d6-5a96-49a7-94bf-3ca574560768
237b1105-1df8-41e8-b483-38d859457423,55f77a9e-df56-441b-a804-4c73aebf0e06
23d5dec6-7b85-437a-8540-e583f5e22613,e41bfeed-270b-4fcb-8d5c-b1f1dad4cbc1
242985c4-e2bf-4728-b8ee-af47a9670ce2,596a4580-20a0-49e3-a754-f01c209b8d5f
2440d725-444d-44a2-9bcd-bb3392c88ee0,d1d84cec-80b7-4bd0-8bcc-3d22e1c8ec94
244877f2-9ede-4ab1-8e73-b36ce6c59cc8,a2e58eb5-4ab7-4ede-958a-d5fd40fb9aa1
245c0445-6d06-4972-a05f-46ea48651657,8c82f85b-409f-4a32-b775-ab4304e72fc1
24a01580-7fb9-45b2-94e3-460453992085,6d0ad439-d779-4426-9417-d0b29c11da44
252089f2-abc5-4002-bcca-b5123bc3cc67,8a30bfcd-8685-43ef-ba62-f0e522bb50e8
259b2aa0-a9fd-495c-997e-aa6417548bfe,e55b6e78-3d8b-4ae2-92cb-71d5f3a20905
25dc2c8b-10d6-4d02-b31c-4209313aa9da,999522ba-1b9e-4f3f-bf97-45f7611b9b9d
26a82bca-9056-44c7-bc44-6119c5d662d2,792ef8ae-653c-4b3d-a125-2ae856e21bce
270f4a29-82f1-4672-b1e7-6c4cef35d8b1,5819a7ce-68bc-4073-a778-b1a9ed1ccc18
27b6790f-7fc1-4fee-a0a2-c85497fb6f69,8c1e1294-eaa7-46aa-9542-0fab791cf910
27b68955-5e04-4231-86ec-8bfae887dcef,dd235da3-4f4d-4193-9f4b-5ba718f9fbfd
28189a19-e678-4caa-a407-bd6e8aca5b99,60c4fada-327d-4653-af77-473ce6a2dcdd
28e3b0fa-26f5-491a-8722-54d15d80366f,3dbb6800-10c2-47b4-8ea0-9fab87468ca4
2961c1b3-2b60-4ba9-9815-78e0f33cc61a,9fe21c64-000e-40f8-a6f7-c7a9f45dba1f
2a0a06ca-8fa9-4cd2-9265-9c4f6280f0bb,ab2086f0-31f5-40d2-bb25-380c4f248870
2a15c5e0-76e1-41c5-b53c-291a46bed55b,1da105b3-4c67-47be-adfe-76a936574a10
2b6c4066-4340-4044-8fe0-c2221f794682,87a3bd4b-2ea5-4898-8442-d36591467fb7
2b8fc74e-94f3-492b-a6fb-9ecd8399327f,e38e4f20-354e-4d09-862c-8284a3e7c651
2bbe4bfb-6916-4776-b42d-9a2e4bd8e685,9dfe8810-c82f-4745-aa28-982531196685
2c8ac786-66e1-48e8-a94e-8b2d0258cce6,a3ca093f-7859-462d-9972-f4b0ad5f8b35
2cc8852d-6130-46e5-b6a2-80987f44498f,07d46214-3a8a-4db0-8c7b-b6c0bb13b8dc
2ce68491-df4c-43ab-8406-efab82885e2b,ee8a9a85-c434-4b84-a54d-13558dd7eae5
2cf9263d-f055-4704-8822-1d0f44439cfa,3912ae3c-d61f-47de-b078-b83f9391a0fb
2d11509a-657e-4355-80c0-afc3e6ff0ee8,37926d06-4683-4cab-99fd-f0a0fa7ae048
2d2e47a9-0ad5-454d-8208-5e4acfb33951,ee3725e8-778f-45b0-9e00-3773d9c8bf68
2d76e0ec-f9e2-41e1-afa7-c87972651e84,abfbbaaf-89d9-4fe0-b3be-4ef736fd21ef
2d91ce43-2686-4be5-b2ef-3a169af811af,539a9017-9dd4-4457-b9a9-47b6a641db1e
2d9988a2-3c53-4463-a705-9f95f0500371,dab2d442-6da9-48b8-9235-b5dec1e726b6
2e1a0a59-eea9-45cb-a214-0a48d20f946e,78b20aba-2da1-4f20-8d40-44d04c0ca03c
2e384856-97c1-4a36-a7cc-7e6d2b88ec00,07197ef4-d984-4398-acc5-18f0b3de401b
2e60d9c8-34bd-4c90-887f-a8087a58d815,5a72a85c-cec7-4cc3-92b2-bbfa4628939e
2eece1d7-2b97-49ce-8c83-56fc84e012c2,0759aa33-3fb4-4468-bfef-1d44140b096b
2efeae3f-aa19-4da0-b4a5-55dbc29e6e88,74196f63-37d8-4b3c-9240-25e5121a2b48
2f259526-4487-4f0c-b51b-0de9a2b8a56d,6d2a0670-8b3f-438e-ba2a-ff667ff2f192
2fab8311-97d0-441a-b8b3-1624c75cfa2a,37582d94-0ca3-4b62-b572-f991816f7d8b
30081ca9-f5db-4c86-802f-8cc4f6034fb1,42cd96f3-4dbd-4912-8b79-42ffdc258965
30212fdc-96de-4225-aa82-b299cb7326a9,21c6d967-95de-4c1c-a047-341b794afc9c
30216620-2ab4-4665-b10b-68d623c51d5d,3387529e-019e-4486-a2f6-f15368ae8ce4
30c44752-0958-43e1-a71b-18a6c3ba031b,588d8a7d-d02e-48eb-af9c-645c852b2443
30d2f5d6-4984-44b8-970a-5847e4279f78,33c4153a-cb0d-4ef7-a9dc-4f9fc4207a73
30e5df1f-db31-41a2-8e84-7307ae1de521,b3bdca76-c4bd-422f-a6ad-7e1897e98a6d
3146fbfa-4066-4561-b67a-9236dadd7ec7,c36730bf-3220-4c84-96d6-a1fb83c8bd45
314c5d38-cbff-4938-a51a-0cdcbbe3eb5c,cb3fa1b2-3e98-482c-bd43-90bde88af501
317f1014-a639-46de-801a-3aaae80a1886,43643c9b-7a8f-434c-ae7a-61b24f0fe45c
3180025f-774c-4c6e-a54e-c65816845d2c,ffd4d874-5f4e-4dbd-8c1c-745ebdff9ce4
31c38591-8b20-46bb-a99b-1f488b53672d,3b4a8ed2-9c36-45c1-bf66-1170794aa853
3238bfb3-7071-4140-9e5a-34621c663481,7e4ec797-42a3-42de-927d-8aba8a346be6
326a4a16-dde7-44f9-a17f-bad09f87f0ec,0b9a8a74-e2ed-411c-9584-befb143f2f40
32d86f71-a0d3-4536-8ddb-c0e9234df57a,1f33bd23-84ad-44f5-a4c2-0b816d0f59e2
32fa98f8-062b-44f1-88f7-d785a73baba2,20912794-b212-4447-9ad0-e706f692fc85
3334fc29-3da5-4a92-8648-2da42c2157eb,9a51126f-08e8-451f-a04b-49ba7517fc9f
34a2469e-9f5a-4112-8647-c02ee977ee6c,289ee456-0866-4081-a868-13045eca7d34
34b14697-3025-4806-bcc2-31e7d05074a1,7eb37f0a-aa4c-42a9-8e8e-dae16af2dc7e
3533d2cd-2875-4fd7-8186-c89478bda75c,662f3fba-2dd0-41d8-a1d0-6c2f9acd8ece
355cea7e-7214-47f2-9f9a-2fe30b1087ea,bca6529a-8df2-424e-b3cd-c27e2165fb1f
35818d39-f277-44f5-813f-b528cccc4ff4,aad610c8-3f6c-46d9-860e-891ef8ad764a
35d712f7-e158-41aa-a291-2e86481f5f0d,896189e0-a37b-4ba8-a1e0-e8af3d1fc0e3
36971c37-b750-49ed-b083-76d621fcf4ba,14396b91-4221-4fca-a13a-39f257bf9cd2
376ca93a-4654-450a-bff5-549c306d0e1c,de8dcc3b-3e85-4a67-8dbf-addf45183dc8
377afd8f-49e1-45f7-a698-3ce6f5f76fbf,2a043444-77d0-425a-9985-257fdbe35fb2
37923df1-4261-4f9f-b168-3ca696590da1,45d98313-11cd-4426-8ed2-98b40ec99784
37a2171d-efc0-4540-9fa0-32eccecff218,befea509-3160-4eb5-a1f6-626c8bc9d501
382ff214-b2df-4843-8711-518a9758be99,08f5b34a-6821-4299-bce9-6e5168edd07c
3848721d-1760-450f-8a44-c45c15dd525f,217cc9a4-6df0-4330-8f19-9a32b707d0f7
385183a6-e925-432e-b8e9-cbe1c97d2b24,0f6a4402-6d7d-42fb-bcc8-d48d3ce412f2
38beaf2d-1e60-4ba6-bdc3-f9b26958d4b4,29570b81-bfb7-43b9-9495-03fb4c461792
394f8b39-1ce8-4aa6-b064-dbf587d7b23f,96b95276-576c-42c2-b180-b64cb362d8e4
394f8b39-1ce8-4aa6-b064-dbf587d7b23f,b20662a0-42c5-4056-961c-1705e39da3f1
39ee99ed-3d65-402d-91a2-c42873b8ebbc,b97bb645-5ff4-4763-9b99-734796358ddb
3a22ac82-a67e-4924-b0d3-d54e2d46872c,a1612129-d158-4c67-9e46-eb0cdabafcf8
3a22ac82-a67e-4924-b0d3-d54e2d46872c,c1fc5973-0b0b-46dc-ac9b-9688e2fdb550
3a3f5d4b-35ce-4a5f-9d08-f7b75aa8918d,071358b5-3776-4913-9b6f-355edb4768d3
3adecf63-35ea-4199-94bb-44d73d98c618,26d9fd28-1a6a-4581-97dc-51a03eb4ddeb
3af29410-31ee-48e5-a0ec-1a8920c3fce0,1e64dec6-b97c-461d-bd4d-8cca34da9e70
3b2aafb8-8766-4663-848a-cfa83aaff247,95cc60ed-33d8-4fa1-9baa-a2e112634dca
3c619529-e46d-4672-8966-86df759c4a5f,8594b893-ebef-4390-9378-55f929f02287
3cafc866-4ca9-474b-bd18-de5651093099,43692aa8-ef42-4707-aed5-c2546b97ac39
3cdc1840-c863-434c-83c1-9a3ede63e135,1e989d33-918e-4665-b966-c07eb890321c
3d42caf1-3265-41ca-835c-b9320810916b,49b89876-63a1-46dc-bf80-a4d6ecd56c3d
3d65c00c-0cc2-4ef1-b5c0-b3ec315ec573,71e3d76d-1504-4455-a79c-940d0f81f478
3d9dbe43-885a-47be-a96f-f2c5c0788d24,673e746e-196b-46a3-b0dd-d3216d0f1291
3e1917ab-007f-4b38-90e9-3f47c3029460,a9937691-d87a-46d5-ad8b-7598ab5beec1
3e6c02b5-a028-428a-9c89-3a6ed5087ed0,0c4937fb-0a4d-4923-b4c0-b52baeaf9bc8
3e6feec3-6ad4-40db-8845-2533f1e5ad16,6fa9ebb3-318a-49f2-b0ad-7848f672f3c5
3f09d4a2-1599-4c75-a7bd-b49901402fd2,516416b9-6570-4341-9f35-3fecbb0b1270
3f1526c9-75f0-40a3-8a33-733cbecf2f38,625de1b2-2eea-40e3-b7ef-586f5e63e525
3f1e671e-b966-41df-9705-3590d99f0655,baad768e-132b-4f51-a1d6-a60cdb06c0e8
3f563599-f738-4cc0-a99b-06ebc2298df1,80b3a42b-94cd-48f9-8924-65c38f5191b6
3f9aaee7-e429-44f4-a01a-bcf26da9c1f2,39fea626-473d-46db-ab82-853b3dda4810
3fb2c512-3144-486e-9ebf-b4a9353741c6,8712bd06-6024-4563-81bd-a2bf2075af51
4066ff1c-c4e1-4887-bc40-3d5668f53641,d63e96fe-3518-4239-b622-a3209c7ed275
4097454a-e658-455b-ab03-bfbc49319fbc,e5a1849e-16f6-494a-b58e-2033f5331444
40d8cae7-7058-4996-a414-8deb857e197c,85ed7f65-9f23-4b93-8b34-8c11d7f3bed4
41250752-2cc1-4682-b915-4ce3fbbab454,2dfc7d0d-e45c-4360-afb9-bb609fbfe2c5
41490527-3dd8-4ecb-9c22-7b1dc03207df,4d607581-1412-4ed3-841f-0a84deb8d46d
41608c82-b3c2-4d50-81b9-26ac08c3ee7e,a4cb80ca-288c-4795-aa18-9fc5b071d35b
41634d65-fa99-4a34-98a8-922e7d160bbe,56c1e6fd-786f-44dd-ab52-706279b3644c
41993de3-522e-4d79-ad83-fd68e4034c78,9c24e9c8-d8ac-4101-a2c2-c25bafbed855
41faba94-4123-44a1-862c-4a512987d8ed,7c84f086-1a2a-4cf6-b7ec-045d3ce8fe89
4216ebaa-db64-4f77-a966-af3074d40c87,fc7eb418-a57d-4bef-97af-ff4627e5440b
4249e54b-61d6-414a-836e-6ff5f120238c,ea15cf15-fca1-4806-9b67-ddfc3fc17ba9
4295ea80-3029-4404-bce9-c45ded8e2c7b,25f25f72-adc0-44a3-929a-031e6ff62043
43120b2a-5431-41ac-a3ea-9ab8329b95a9,c0cf8b34-9388-4dc7-aa53-6dabc4823046
4312a15a-54d6-4840-a52c-a9a54d90bc0c,7652b7fc-47a3-4b64-8597-a4fc915fff78
434575bf-d7a9-4daa-82ad-a80d5d66a7e4,4900085c-a8c5-408b-a8a9-0e90036882db
43b293b3-ec09-4899-be66-cb2d883892de,477ee00b-78a1-43de-91f5-220518ef2b4f
43fac825-8de8-481b-a906-9460bfd832e3,2223bf00-57e8-4c76-bfdf-8d1461faee13
442b1b74-cf77-4837-bf9f-49f80147287d,5ed779bb-7f47-4b6c-97d0-3fd9eaf78ab2
443407ed-8075-460f-a80c-2c91fe766f2b,503e4427-4da4-4fab-98d0-be20ae201e1e
443407ed-8075-460f-a80c-2c91fe766f2b,74c4d986-608d-44ad-9b99-9deb7d1ebca8
446ba84a-9183-4fa1-9ed7-02e81710f418,695e69e5-32bd-454d-9c3a-70021e77d0b3
449770dd-4c3f-4d83-8874-852258c97979,12dea24d-a03d-4062-a7a8-08fd6b429363
44dffb47-9bc3-4278-b04e-553fbedd2b44,b0e84e00-79e1-40ec-956e-f511e78aa1fa
44e6a5cb-0a87-4c68-8c76-1b59fa9512dc,728bbddb-f446-4180-a055-07eef4261565
451ddec6-07aa-4da2-a7c3-ceda0537083d,cc1f665d-1494-420f-8e12-8a5e238d305f
4527fb64-ba9a-46a0-892a-097d0dede403,d252ee57-bc10-4c8c-9f9d-5736ec400de6
45dbc503-1aed-4784-ae1e-76698275eb4f,055aceb9-ea1b-4434-a6fd-6372ba6ee9b2
45dc5254-b433-41c9-a7df-b798fdc38181,de8ae6d4-ad35-4228-b1ec-40d557ea0a2b
45f4570c-0a3f-460b-aed5-3db54c7dce77,eb041d78-0d3f-455e-9524-4f20eeb1488f
46b067d9-ec9b-4d3c-9d22-85e93bae6d84,eaf5d5fd-87f8-4560-aaf8-bcee4041c933
46bba96c-a79b-48f6-b079-92c3ed54aa83,857b54c4-697b-4fd4-8b54-eb6db475bf86
4706466d-a0f8-4afb-b1e0-32b7158ada4c,4db55d4d-8a69-4882-9034-7ffc743f7d28
4706466d-a0f8-4afb-b1e0-32b7158ada4c,dee2644a-8b8e-499b-929a-8292b7d7f91c
471de894-910a-454b-91c3-d0541793ce97,eaeadc1e-82bc-427f-8856-e7a18ad2dd65
47b36dae-abdb-4580-a011-03298dedc626,c4c6212f-f360-42aa-8b52-e57403a8f39a
48a307e7-4588-4e19-aba2-87324444519a,641c43c2-9bd0-4664-996d-1992c8aba644
48e344ab-39a3-4da2-8f4c-294f376f3bd3,cf590cd6-9eb0-4013-ac22-9448e4cfbc61
49051426-33be-4d90-a28f-9893d1f2cf8e,7444492c-2c70-4836-b5d8-df997a29db70
4907d7a5-a465-4285-93dd-b2efc73f4a84,68d241a1-df6a-44db-8735-214837021ac2
4907d7a5-a465-4285-93dd-b2efc73f4a84,ecdbd889-d6f8-4d11-8efc-0bc11752da5b
4922022d-8bad-41e1-af43-93fd699c7727,af4da532-159d-4991-aacd-3c1e3252824f
49dc939c-51e1-4629-a29b-6d483c67be4b,62c10fdb-c374-49e6-87b7-b2bfde44a5c0
4ac02a3f-395d-4785-baab-3606bceb6743,3eeb42d2-c129-4391-8811-46824f35a7a7
4b374b17-0c16-4b82-b2a0-cd4f12ab44a6,a4cb1c82-6005-41c7-98a4-050f63156657
4b545418-11f7-4497-a36e-43c2878a6aca,4ca0c55f-f8cc-4f67-8748-a46291cabef2
4b8757f5-0786-4cde-ba11-f7b3f97ec22d,eabdb9f6-98e7-4c24-a2a2-d193da4c71fd
4bbe07d2-3044-49b7-9ed3-486a87fa8f9b,a6cc7bcd-341e-4fd6-a8a6-1f1b36d50249
4bc5188b-2c90-4b55-92ed-5602d410708e,2ee289a3-5b5a-4efd-8e4f-07cabe6ee24d
4be09182-e104-49a9-9937-1ec31a7ec14b,7d32379e-f31f-4a0d-a00b-bc79519ca6c9
4c4b8518-6992-4712-a45b-87a2ad1a7a06,6acc2170-3489-4510-bc8d-dfd568555986
4cb7fe7a-e987-4369-88b5-5f5acb92bd31,9a7f6d24-e849-4b86-b089-76c0b445b336
4cc9cb64-90a1-4580-a36b-35182972ba48,08c2d4f2-590d-4263-85f3-7fc3e6052629
4ce96263-f042-4c54-84df-9aabf17c9c1c,9eb56a4a-59e4-4dfe-a918-92c53b8f1771
4d568894-efe0-4a23-9f14-753bd2c79633,fbfc3e73-7206-4019-906b-44cd62f6e4dc
4d5b6a0e-257c-4fc8-a0ef-8c490e7c7988,3c250bc2-807a-4289-ba1b-6d0ad68b1972
4d6b8a1e-f570-4a78-ba76-9c53a4342c58,5116846f-d2f7-4b25-be1c-518cb7cf40d9
4d7b2a39-2509-4b15-be31-2d9fbac92cef,ef410f34-09de-41de-8142-68ee6da93abe
4d7c2a4b-6eac-43a2-8c95-294c7b464c44,a4b4a186-ca09-40a5-b98a-1db8f34319d4
4d8970bb-ef01-4841-8767-54a66bd9f31c,b15b7574-bd27-4452-b3d3-e03c13e8db7c
4df0c0d0-a0e6-4eb3-93c0-60a4f977289e,f6889b3f-a522-4749-81a4-2610208ab4c7
4e03a329-4a53-4f00-8001-c05db95f0b23,2a0e4314-af04-4d1e-808d-ee60e06518f3
4e11ccac-5210-467c-b1b2-f2b13cb2d43a,3da1418c-4348-4ca3-aece-9555e1c5b3d7
4e3681ca-da69-4bc1-8806-af980d00d830,48d3c010-f6f0-4cd4-ad6b-cec6df686b72
4e3681ca-da69-4bc1-8806-af980d00d830,67f037eb-15ab-4f8c-8a33-42943d30f1a8
4e4c24c0-8780-4b06-a0e6-7b8e5321047a,adeae8b5-b7a3-4c16-8aae-0abd40cb2d7c
4e6e2dd1-e545-4a2f-b92c-dab3ef573acf,e8e0549e-1741-4e77-83ae-e6f073876696
4ea989f1-6c39-4050-a4b4-5b6c9804e029,ce151430-8ddc-4435-b060-b7fe11be300c
4ee0d2dd-96c1-4d2d-bbae-492f143f0793,334e4ddd-42fe-4e9d-ae64-be5b8a96ca81
4f003608-a733-4eaa-b089-55efb6d5c450,be870c84-af6a-4fe1-8e1f-26fd89a8e505
4f01cec2-25bf-404c-9cda-cb6002d5773c,7ade241e-6808-4bc0-96a9-b0573dcd1ba6
4f1ab982-5cf9-48de-a83d-5faca979c6e2,f64c7640-b2b0-4737-acd8-d8a583bc9274
4fe9b396-a8d9-4a8e-b3b5-632e4ea10d9b,8e94f136-278d-43f1-ba8c-b963ee536aba
501ad9f8-a36a-49f3-bbb3-b6e82f1aa158,5892fd0e-a44d-43bc-bc88-52722aaa13c2
50447950-aa6a-4ce6-a886-313b1dd4769b,b4805051-4410-4c04-8627-aca4d366f6fd
506ec6bf-726d-40d4-ba05-fb3a5748a4de,0bdc29c4-edb5-4f78-81ac-a27a7d5b8e4c
509eeb60-2bfa-4181-824a-0e1ea619fb7c,6b60dab5-88d5-4a07-b395-b9cbf8fa2f03
51186372-5826-4bd1-978c-db0648aa5483,bbaeb67e-0fd9-4350-97ba-97508d60718c
51bf6832-e766-4c95-b968-e183a35d9a9e,22d29f35-ca7d-4a5e-9d5f-54431902365d
51dce22d-6c68-464b-bedd-0e3ca15c93b1,38b8e7a1-fd2d-48cf-8c85-8437308c06ae
51dce22d-6c68-464b-bedd-0e3ca15c93b1,90c017a1-f642-457d-85da-843d8558100b
52051db6-49b0-422f-94e6-7876fcf636cf,70ba2c0d-bce3-4c42-b181-c288b9d9debf
523203c3-2754-4628-ab43-097e1bd5b83a,7dad1149-63ff-4ece-8512-d53eec236de6
5263499b-4d64-4e02-99a3-2c943f1601e2,5b14bebd-6f03-405c-ba11-80f875607e5f
52b8b705-d825-45a4-8790-f84ef0550e7c,80462f9e-c561-4a50-ac6e-d055dc3ebe6c
52eb594d-f72b-4a68-bf57-7ddb09fa7b97,d0559bfc-e698-4547-8482-748d1b7db262
5301a20c-fb87-425e-8fb9-a39709fd1189,d0139bd9-ae76-455f-b382-dabf78d7c700
53379c11-4d77-4a39-97a8-43cf3e58116e,8f4ebe1d-455c-40a1-b26d-d95d7c0c623e
533ceb9e-0853-4c97-bb49-214b7f681e3d,1d4a0dba-93f1-4ac9-baa8-89904724e369
53b68931-d0f4-4d26-85e0-26e0eba0e504,c1583e52-0f7c-40c5-a1e5-c43da06b59ad
53bd5ee5-b880-48a1-be83-d5ee87e717fd,f2a1ec17-0bc7-4231-858b-72dab4c2afa7
53ce539e-ca7a-4ca1-af60-af258ea42d65,e0fa711b-d270-4cfd-9edf-568ec1baeca7
545cb708-4b8c-41b2-bdf4-2a5cab66e785,8598301e-f201-4206-96f8-503b06f75715
548d14fd-aa0e-47a7-8b37-71699f7ce2f6,718be86b-02ae-42c0-ab2f-ccc50ff4e251
549c2593-122c-4e9f-835f-e67ca92b3517,a3ac6bf4-dab5-4707-a014-824ee2c2ea49
54beeb9f-4b99-4596-bdb9-ec218c1a6a2b,870f82c6-d1d0-434b-838a-3dfcc627b21a
5508f455-cfee-4cbd-9cbe-24e484827751,cd9e53fb-990f-462a-9a5e-9045fad88a1d
555537b6-bb8d-49ba-8d16-af1cbf5acc05,e00262ab-1f39-4ac1-b1d6-90e2988984f6
556d0b01-05c4-4f62-a59b-a928d62b74af,c2bcad06-61de-4156-993c-66f2dfadb7bf
55e75969-702d-4409-9049-ab70cc79cc12,01e9388a-d992-409d-bf38-5ec2edd79868
55f9402a-52de-4f01-92f8-8d5eb5dcbdf1,3c8368f0-c6c6-4f5c-9bce-9ac6863f14ed
561761e8-d6ba-45ac-9bfa-d5e4de6cd8eb,361d102c-24ee-4b56-8da5-17c700606373
5629653a-c1b0-43d4-99fe-86f06c50c200,dc021c59-9728-41ea-a2b2-6f20e42c9664
56ae9e56-72e6-4630-a504-9c2dc3e1ac58,fc576448-1a5f-4b3f-b9c8-9f47a3e14f9d
56bc4c37-da9e-4b5d-8382-7165bbef0cd2,d05966cf-3821-4053-b162-c026e7b08000
57897083-ca2c-49a3-ac0a-44f210e0228d,4e502217-7d6a-4f90-88af-2b8267492436
57bffd1c-655a-4d67-a76a-cae3f03fc25c,c1ba2a7d-39ce-4d5a-8d5a-47f9afc9a8c9
580e5b7e-1509-4411-b2bb-3510ee3709f0,d781b38c-63e3-4c9c-9d94-dca6d9157f4c
582e6f9e-c941-49fc-8d29-73c80a41dbac,c26a0c9d-b4ba-4cb8-83a8-968d918d0dc0
583f6841-0d43-4366-bbcc-8fb0aeff7504,56f30f7b-9c43-401d-8a74-3cd722ebe292
58504e1e-04bc-4cba-8a35-d50cc91fef20,8ce06227-19ad-4639-a6ce-6ffd7289b9a2
58aed237-bc6b-4302-8463-41229736a476,75105137-d57c-4854-872a-8074c695a369
5914e79c-e370-4486-b38f-3ea4068e0f3b,fddf5443-112b-49ed-a15e-02ad1e5a044b
591f1e9b-7560-43dc-8160-684556f22948,2138bb26-e2e2-4909-b052-4ddf4f31d2a6
59a9fdb5-168b-4cf4-99ca-90c0cd1ff69a,c732a607-0244-4a95-80db-8efc7d46a8d3
5a0e42b8-956a-46bc-843d-593fc4b5b82c,3a7c8d42-0fd5-4650-aa2b-b9eaad410bfe
5a65a540-4c38-4557-bafb-25748b59888d,a1cd6417-90f1-4ebd-9a20-3760f81a3e13
5abd1802-f69a-45cb-93bb-e64e187b13f6,6de8ab03-c953-4653-a888-5dd34b30e2a3
5b0cc6ae-dd8e-43bf-a7c6-df53a26d4b23,00b75fb7-63b0-46ed-adac-4bbf40851365
5b96af3c-cf44-451a-99b2-43e870817881,ba7095e3-7b54-4e0e-96d7-b88bda2755c2
5bdc4b08-3fc5-40ba-acc0-d9d2bf3d2048,7ad364e7-9b90-410e-8a40-5ada811032c2
5c5d7149-481d-46e3-b57c-dbbfce727ae8,faac6c0c-71d4-4fdd-af45-e02dce4f5d8b
5ca9c183-89ec-4858-af54-9e77b617f688,8048ad6f-6ca4-4cf5-ab78-3ce0b14bbedd
5cdc5f80-5ee4-44de-bf5a-c58c63164c7b,5d3c984e-d386-4f24-ac70-f544199cf9bf
5d131759-8160-4043-9d20-4a1547fb4dc4,c364157a-0eb1-43bf-b524-dd2f3fa86828
5d1a61ff-4599-4b24-aeed-fb37e9d070a7,81b1da05-93fb-46ae-aa76-5575d4d4f44c
5d1a61ff-4599-4b24-aeed-fb37e9d070a7,f820a682-4ba1-4181-81ba-2971093248ac
5d23a651-1af7-496e-9a18-7ee6902d98a4,0df5fcdc-9780-4654-b2b6-ea05595ccfcb
5d558f35-da5c-40ba-bbf5-4551bf392a95,988541be-e37c-45b1-b859-fae03df74748
5d6b47cb-1248-46ac-9621-f152d1969d15,62d0e1ef-2514-43ac-857b-9d63a4c39d12
5de1c997-3f5b-4524-be25-21fb61342e2f,436da744-5315-4ae2-be92-b5e01f7f9833
5e001caf-f3df-4788-9fe3-b96a9b505aca,ac69e9bf-140c-48fb-8770-eda4849b7ffa
5e6053b1-e9a4-4364-be5a-98edc6b77cc9,402f9417-05a4-4c3a-adfb-7b33b42844e6
5ec744a6-df27-4953-922e-8b87680f865e,5261fa1e-5959-407d-9630-aa7c6f35600c
5ef25bd0-b152-46b6-9861-8a35bc1be723,35ea4647-f85c-42bd-aba5-9f09aed337b4
5f91a0ac-fe9f-4830-8083-eba416ac62ac,c6fd515b-8467-4e2c-aba5-54c1414621b9
5fc55aad-afce-43d3-b9a5-627b31a7c0c2,5bb07f0b-efbc-4fba-a5a5-cae06676eef1
5fe9bd2b-91cb-43a5-9c50-27f5993bda99,7ef2a0bf-d304-409f-98cb-cd5a173443be
604791d1-3bb0-4e01-8538-6d2fff32d418,fd6d382d-5db7-41da-9a32-1472cbeeda5b
608766b3-05d3-4149-adc6-adb431ef9060,1ccff0f4-e35a-40ac-9ef7-240d4504d851
609a619a-c564-4766-a9f7-b3e5fdded31c,1144cade-4783-44b9-9ad3-68d34b11165c
615e8774-8e70-40b3-96a1-26b300ac16df,db66519f-00b5-4d78-8d65-2613a7078a56
6160a617-f12c-40a2-9ac0-57134d08efe2,d308aa6d-6a04-44f6-95e7-0752fef8c576
61f6794d-fd33-43f6-b74a-88d30aadd8bb,1ea7d997-5eab-431a-8335-bac922c83adc
62995e3c-472d-46a6-a0ff-6e34b762e799,8cf94318-1edd-41e8-b580-d4026ca08045
62e81139-fb01-43e7-8cf9-f1a417b4885d,995bd34e-75d9-41e8-8d68-6b14239d356d
632af220-7222-4850-a402-e5d0fe04896e,1ac2c4e2-21c2-49d2-8d38-eccdf176afde
639302fb-5595-455a-a77c-e354841b42a9,8e879be3-ebf7-40fb-855e-effa7f295141
63cc61e5-c2cb-49e3-b06f-e3585e7542ab,b88a8fa8-1eb1-4d42-a29f-849d753ccb5a
63d7dcc6-25fa-49c7-8f29-16260b11208c,9837abf3-335e-4893-971d-e5b5ff173121
640b1629-9e8c-4575-91f6-1ca3af830df8,2fdbe73f-033b-4dd5-bea5-e7f5fa6c1878
641d15df-b161-41f2-837b-cdf225873cfa,267715d9-5a34-4c89-896d-6fcb6feab8d7
648f7b5f-f47d-4cc2-bd91-21896d469a76,93025b09-0aef-410b-81aa-1d7fcbb87c87
64915e1d-b41d-4fdf-8eff-fb9770c7d947,504e4904-d0ff-4852-8d13-a38ace4d07b3
64a90b5c-1ad8-4d64-b3aa-81433af0c3d9,7a193530-74c0-4f50-bce4-59e9d3876a82
64d99fca-2e01-4210-970f-e2df1a077899,d13cdbc5-c8bc-4a59-8b3a-b1fd76197ed4
6587c276-8e35-481e-8d2a-a320f93e7cc0,bdc607f6-2dfc-4d0f-b145-9c4f994134a9
65dbdad9-8ebc-431f-ae8d-d76fae4d14cd,a0ba1199-eca9-4fda-8f0f-01be02b8a07e
66378a2f-2363-489b-83b1-aff894b2d867,0611de1d-a76a-4d9e-8e75-1f645ce150af
663ae006-a8c9-470e-92d1-b0a1de082380,35e0d92f-3cbd-41d9-a7e3-ebbac333ef17
663ae006-a8c9-470e-92d1-b0a1de082380,713f40fb-d309-4e27-aa45-0910b7da2645
66c887f8-c849-4e7f-8c43-ae013c2daab2,dc8fd65c-04a7-42da-8f89-10c79e3ebb0f
6745f7bd-5040-4b58-bf67-f59073573023,781344a6-1276-42f5-8ade-63f76b2f9b95
67e86199-8888-4358-97c0-08be8ce60920,f8d8d49b-1805-43fa-a01e-12633307fd97
6825fe63-2d41-4865-9aab-6b6942a5e746,d5556b94-4c55-484d-bfd2-4f86325eaad7
68275d16-8187-4009-93c8-938d8c0a7809,b25ed341-5417-437d-abd6-e44fee3865b7
688b10e6-8a31-41c0-a0f4-0062203e4433,5dcb27d5-73ca-4ae4-9847-ff9d2348877d
68d844d1-75d5-4791-8649-8b432b9b98bf,8b767aa5-1f09-4938-b9a5-cfe8191a8b64
690bbdea-2691-4d63-8d18-4d47b4e0f763,84bc818c-d340-4b5b-907d-e06c0754887e
6934ce50-ba89-4f54-a1b0-aaa6dedc947b,154703a7-7dfb-4113-bdf9-f1a474abe017
69de8c85-99bc-4d0c-ad25-9d0ac2f3459b,a5b3add7-24bd-40a2-9815-75209fc2164a
6a333f61-9a4d-4f57-9410-00c3974516bf,fb4ee2b8-7340-4a3d-8594-e9f6d49a6413
6a3567c6-f062-4719-8a79-9d181551741f,691dcdc0-7284-41d4-86b8-93a592a1c46f
6a6c7b00-074d-4593-ba45-600f9c0e6c12,95987d3d-9947-46a5-93dd-2fb99c41a48a
6b069b34-854e-47ac-a0df-1f62387766f6,db23bb44-0ab9-4ade-a264-f1f9824add59
6b0b673e-fa01-41ca-8e51-bc3d8a91782c,7f8e7f47-8e3c-4ac6-83c7-82e5749776c6
6b93cf54-e32b-4fef-8997-4ad08aea6141,01adece5-37fd-4f21-b39d-5b65f4f49a90
6bae2df7-6d5d-427c-8b8c-b8fc4a2d131f,70dd59ec-7fa0-4796-b4be-50c1ac6a26c4
6c0ba782-29ab-48a5-983b-d1f96dcc40d6,baeee222-b6a5-40b1-816a-37546249bdd7
6cdaf486-0684-408e-b93f-3cd029cef1cb,3a1be959-df03-4910-b465-910741d13a09
6d00686a-51d3-4bec-bfbe-4dbb20f48056,e2538125-39d5-4c02-b833-4eabc4801137
6d4429c7-fc1c-4ecb-9bbd-48ccb99704d0,2b18785a-abdf-4000-8ec0-ebde97c6674b
6d5b2297-5b32-4162-9f22-6adb98cec21c,4ee6fb26-2b6c-4702-915a-c050491a7915
6d8cb1b5-753e-44f9-bab5-f5c7ac0e627f,56e05ba6-c9e7-4111-a5c1-f3dbc6301f4f
6d935e09-6226-47e2-a6f7-cb15a4f39f64,708d05ac-e40e-421a-9ec4-06830cb7482b
6e243b17-afc8-4344-9115-32ee81b217e6,5e8b9c91-bb19-4223-92ba-2d49757b6376
6f54b211-5384-4065-b851-0121f609a3f1,3e8e83f7-4c68-44b7-b786-2f5962521671
6f6940e7-19c9-4e24-bded-91ebd7e751eb,f8819fc1-b899-4899-b314-9aa71a3a86b4
703fc2b3-4bf5-41e6-a2ca-92274bcc423b,a60adb7d-f9e3-4745-b24f-88da73fd41bb
706c748e-4aa5-4d5e-93d7-b9fc6f492271,bd3db640-590d-4dbd-9e93-81887cf01436
706d3b56-2627-421e-ba4f-a336154ac57b,9219048e-c013-4a51-8127-5cd9f532e4c5
715a217c-19f1-4276-8c9a-c8dd2eae7171,6bcb2605-0b06-4390-8704-0d3a2d047d43
7165a186-50ce-4e6e-a507-fd07017c385e,fea3142c-3878-4135-9e6b-94242b2fe7f4
71d32dc9-3d79-434d-a8d0-0366766a2a34,ad7729e9-3362-4d8f-b369-13a96c6b0b7d
72e67737-3c77-4cb2-bbea-abf0f10715dc,2ab9cacc-aadf-4929-aea9-e84dd927e122
72eae619-fcc3-4e20-b7fe-eafc746ea357,c61319d5-9af2-4574-9910-cc378a182a1f
734389d9-ee5c-4ac2-ac23-8bea4dcda22c,f196e3b5-9c70-466c-8649-f6dfa98f37eb
734fa2b0-da8f-4e41-b005-e2cf07007b4a,e0b78570-4b34-48ec-a32c-70cb703b7bb9
7370da05-7007-4789-ab77-2e18958afe11,3bde2cb7-d176-4711-a39b-3a9dd7a71979
7385caa5-6bd0-43f8-8b26-71388d59af70,38962f22-4295-4a63-9e00-9581291cf695
73dcce9b-47c4-42b9-9379-22e0e15c6ec5,5c9fdcab-9202-4f3a-95be-09bf3e2d0c37
7406e733-5241-4f58-b1df-f6f37466883d,137b7c4a-f06d-4583-9d03-9ae081196003
742499bf-186d-41ac-8223-19b151eef0a3,b361d3d6-11a7-4207-9e79-c09a515bb33a
74257340-0c5a-4f0f-a7ff-2ff6033aa21f,2d39ded0-f6f3-4830-9c07-fe9242203ff8
74257340-0c5a-4f0f-a7ff-2ff6033aa21f,5217ab14-e5ab-4657-96ec-0a836fb297e1
7525c9f7-7161-4eb5-807a-a31360eb2add,42d69b81-f6d2-4436-a8ea-4a8795ff8014
754f6959-74a1-4aef-9bc4-5acd4aa191b5,43e429fc-b397-4bb8-8125-e97794cffe68
7552927d-6d92-4892-a1a9-983618049f76,1bf49c31-e86c-4a8a-b14c-42230462160d
7552927d-6d92-4892-a1a9-983618049f76,93afa4cb-ce6d-4d18-95ce-7effdbefbbd6
75a22a03-96d4-4e97-808c-e96a1362d1cd,fcea3b07-b179-4053-b11b-5a69b2592374
75d8c116-9a0b-4ffe-a9c0-35532626da2d,cf865c8d-363c-4634-80df-b2e6276bece7
7692778f-9447-4d80-87c4-3eca4c3ced69,1b933879-8639-47c6-9bf1-cdf05f830a17
76a7b2cc-1d3d-4fa2-8980-50b23cd58626,5eacf35b-bdd5-4313-bd59-37d19b7f43e3
77e8444c-c48a-4b0c-a2b5-c7b97001aa35,33a5ca18-9524-4366-816f-e501c14ea1f7
77f47b87-f5c6-496b-99e9-8ab4152d0ff2,edb0b62a-a2aa-4cd7-9d91-bff4c6550874
7888ab6b-b7eb-4890-bdea-33acfb00ba85,51e83a72-c4ce-4d15-b536-0acabe77fdb9
78969174-f6b8-415b-b9a1-ca29dfc9cbcc,eb472339-d744-4696-b9d9-34aee0f79c77
792bfd20-f5cd-48a1-91d7-b30e841b1899,cf6760a8-34e9-4f5c-ac86-6adf6f3aa39f
795823b2-1b8d-486e-9edd-81c8675b8ef6,785ccc05-e495-49fb-a4d3-f24a1db189a0
799959e3-d7b3-42e4-91fb-8d3d23744fa3,ba50dfb1-2a96-4ba8-8b99-72b268a1c2e7
79b20307-e828-4483-862b-4fadba4aa46a,b536a90b-debd-44cb-8e95-bf443202e3f9
79b239a0-6d48-4384-8908-c3c8192245c2,fd3883c4-b625-4d1b-a658-5735e29b8cd1
7aa7aeb6-84e4-4c6a-843f-d7dc577b8fe6,3f7929eb-c579-4e2f-9e73-c5a85db0ef89
7aa7aeb6-84e4-4c6a-843f-d7dc577b8fe6,8411f98d-5194-4b98-966c-4175ba5ec072
7b0895f5-deda-4251-9aaa-389a071ac0f9,ada7b008-58af-4eb9-8b7e-3b69c3cb4991
7b5bcb10-637b-49a0-ab6e-593c2d27435f,15427c65-52d2-43b3-9789-35e204ec47a4
7bbb5874-1715-447a-bb47-5905caf1ca91,0a0604fb-14ef-411c-8489-87a12ef1d13d
7c178b56-8382-4d0a-8ff7-c36f1619a7a0,0749ee6e-ecb2-4481-8b7c-11bcd29868ca
7ce69ed9-ab25-4931-b1fd-80c41aa6a8a9,b1a24659-a239-4fd1-b8b2-9271821b8d64
7d9b7a80-7b3a-446a-b094-4be1a57ff4ab,3dd868dc-fa11-4c22-951a-0fb8ccadeea2
7dfcf109-f7da-455c-85b7-1ca9d816015e,35f0aed6-f2cc-4e8c-906e-ee9cd22d2997
7f5e1534-32f8-498d-9bcf-90b60d74c85b,415dced1-6dd5-4542-8a04-ef44b1c3c3e7
7f8336ca-935f-4fc2-91d0-745367ba7edc,4154a7e7-e285-4f35-b82a-a9d63814406b
7f8929bb-f2ca-4fb9-870f-f70956013bc5,9a534558-191f-4549-b70c-6f9bbdce28a6
7fa82f05-a888-4b0b-b6dc-63eea8322e5b,170f058c-9efe-429f-aee4-30d7df6e0d55
8033d7bd-df9c-41dd-a81c-6eaa8f928e98,14dfbc7b-e070-49af-97db-a4f3f9f96820
81190218-8728-416c-89f2-6d4163605b72,4d4b672d-c7fb-40c9-abb8-9be142281630
81784d37-35e7-43ee-b816-ac05408c4816,e169676e-ca34-4bec-83ed-a385e5b788ae
81c75a4a-34b5-42be-bf73-d8ee7f5f8cc4,802b6515-6ef4-4d9d-a791-9a49ad40b4d7
8220de3c-920b-4288-ac8b-a4ede4781a23,1ccf4749-20fe-401f-a45c-9e558fa46da8
823786da-c29a-4e5f-a7eb-42b2ddb0636a,1c35462e-1540-4879-a1a4-74c174174a62
823786da-c29a-4e5f-a7eb-42b2ddb0636a,24a21462-bd69-4e34-b4b5-de608f7f0003
82af9042-9cec-4482-9eca-7e1da9cbfe43,9fadad9d-25f0-431b-ac5d-4a55d2d80537
83314df4-a102-473d-83d2-21cfa65e8862,de874c84-17e5-428f-88dd-27338bd5c1b8
83d6f180-ca0b-4ead-af97-e59a580f5bf2,a5c340dc-51f6-4fbf-ab17-d2f5239266ac
83ddfb76-1a4f-4b1c-acc2-71221498fc83,f443ff5f-c03d-4381-81a3-4b8dfab5582c
83f45d16-a3ef-489c-9ab4-52fe6d9e4752,70eb00ea-cbe8-479a-a916-1f4b4950e804
8431fff2-2bc2-4059-93d2-7fe2dcc42ddf,6c8cd899-4315-4e38-ae88-ff3ba5d18574
8481d958-98e3-4689-81f0-23c5af1865bd,8a27277b-f648-4d32-8866-4f909718a511
84b92818-26a4-436e-9e19-789a35967dfe,76b379ea-53d5-42ff-8eed-ea64e96494db
8516a0d4-2cd6-41c9-976d-944398a82111,da5a24d4-4042-4fff-a251-ae2b3345149e
8579def1-f582-4f7b-bb72-0ef8d76f2fed,0745ba27-1651-41ec-8a98-7d5c610255b3
85aec40a-e949-4061-90e1-c846b7859445,da22c221-bde3-4584-b651-73a01ea4a899
85d05a24-a59b-4959-b414-c34ce012e3a2,5d2c9770-a500-4090-9af3-e74b03eadd5c
85e446bf-67d0-4c61-a307-b64920f16371,7cbb6e52-de01-43d7-9f37-3da4e682d25b
860edc11-ec14-4989-8c34-2c43e8d2a198,445099ff-181d-49a6-8cf4-e1ca68fd45ed
86141461-4dbb-45c8-bf59-9b240bad259c,d23b1e03-264f-4f52-ab0f-235e13a8ac53
86343860-ddc7-4e7d-b98c-22ccd22fb7e9,d5176902-8a4e-419e-9c38-95b184946ddb
86548a07-6eae-4e7f-be97-673fa51d67e7,f6ad03b4-8501-4b2a-9695-846d064be45e
866ace9e-8114-47a1-887a-8a9f87fcc5d0,e8338a54-519e-40d9-afa3-3da26b260206
868e4102-b1b4-4f48-a19d-b4e504ee1a41,6504fe1b-f33b-4cfd-aa1a-ef05c02787f1
86c1d626-9ae1-4504-ab09-08e366b8cbea,29d25497-de6c-496e-90ee-cbe7b2af9f47
86cd133d-8420-40ab-af6f-8c8e9864980b,eed860b3-0115-4682-a51b-41142fa48c64
87639483-0e16-44e5-a142-fed4ed4800bc,5960987a-24ae-4227-b74f-48071ad5baf4
87639483-0e16-44e5-a142-fed4ed4800bc,9e28bea5-5afd-40d8-b3a0-1a19f29f59ee
876b9a48-4fc7-41e4-a9dd-c0f748ed4ee7,d5ad6629-96b3-4669-8d71-c816906785ad
87ae1126-784e-4e72-bf82-31031f9abbdc,5c24626b-77fb-48a7-88cf-883205390168
88283cb4-dec8-4421-83f4-04f29514a23e,efb39aa6-0e68-4c98-b66e-c2b567a856bd
884dee2b-1965-4928-8aa9-6e5d144f7248,31a13bb3-84e7-4fcf-bc3e-523a0b090962
88da9092-1386-4273-afbc-a6cf17985d91,e51c090d-4d96-413c-b46b-73b2845e4bf4
89f76ab6-aa8d-4bb8-934f-09b16f34be9f,bab8a17a-0071-42ae-b1b3-0113e7701edd
8a1cb107-ab7f-4fc8-b23e-4360c5bb64e1,73733ce5-7327-4503-8cd4-60d1d50619d4
8a215f14-28f3-4ce7-99c0-923ccc80a71a,85ff49b6-cbac-4f27-b74d-b52dbc671d08
8a349009-6b06-4cbc-a6db-f4ddd449afec,8efbf21d-7490-4938-9afb-dbb13de0c0e4
8b09a543-17cd-4546-ab5a-2fe9c57aebba,489efc73-1bb3-4ad7-9500-f718a431c3d2
8b4affcc-d737-41fb-b184-28072b365b35,6fe8e77c-6f80-42f1-a82e-81ceeef6de1a
8b783542-1d13-40f1-a340-45726a4dc00d,e081c92b-a4fc-403d-8557-686c7efe117d
8b8fad16-1ab5-4834-8d9c-19b6536f2aa7,77709d20-c5cf-44f6-bade-09a633021e23
8b969bd7-14cd-4f74-b318-4012816cef70,46f0bd90-2938-437d-be03-e1b9cda0718d
8bbadf13-6e5f-488c-853d-fab5016f7892,d0d36a39-7d49-4ecb-8ed7-3de253adddf9
8be0c955-12df-4cc5-a5d3-87d1e5cdb30a,aebf977d-e157-4f09-9671-ad1f1cc5d476
8c2635e4-8897-4df7-9c84-95f5d0e39a6a,d2af150e-1e7b-42d3-a076-eb1c6194db0e
8c7aa0ce-8659-4cc2-be34-3cbd5b1d332d,262200ac-1051-48b8-bf17-12df84d5ae14
8c9f0df4-ad85-47e1-929e-b2fbe028c8e7,3a584192-1e6e-41f9-b648-de6f9bc334e0
8ccdf948-5ef8-4159-bd44-dd8f4015ae34,5007cc8b-0d44-4c1a-8deb-e7aef19a3b0c
8d1f7c6f-e746-4fdc-b145-b5f5dd75bc67,9ba6c223-7873-4681-b829-d0ec0467bd22
8de10fb1-9cd7-44bf-acb9-f9dbf047da00,a05799c1-8274-478e-921d-f613d75b62a9
8e0f82ee-3a7c-489e-b11b-b91f3b4a98c8,f09ab632-bab0-4d50-ba2f-bbed85d49a49
8e1ca380-4b2b-4911-b812-b49fe2c9a967,8c04d657-e843-4b41-9633-eec887432a6b
8ea8680e-76cf-4bbc-967b-5da072790ee6,fcf30a21-0128-4bc4-b090-7e113a72b6fc
8eea61a7-27f7-4160-bd03-7414e45d2f9b,2c564d74-8393-4cde-b671-19cd8883b1eb
8f91b0d0-817e-4539-9530-72c7f31a7b07,41877478-64b4-467d-acf2-4a126f034b9b
8fa75a24-d6c4-4663-ab43-265cc3588823,9e2f2436-ff09-4aef-a47d-a3d7f1c4f6f9
9077ee48-f9de-41a8-859d-68c554bccb73,26553b07-01f7-4dd6-a29b-cf2086fb4acf
908808cb-0529-43ea-8b0e-456739467af9,928b0c4f-e1bd-4d7b-92aa-1cdd3065f4ad
90b1e495-243c-4536-9ad4-eb739f78a83a,aae9bf75-6e7d-494a-8ada-d493f92f1a2f
9102fc08-973d-46bb-b84e-bac06c7034ee,aae64231-ab8b-400c-878c-c351c0d90553
913d5ea3-3a3d-47d9-9c45-af6bcf38f2fd,ebf3479a-7a83-447f-a565-21dc85591bb9
9179a7d4-c770-401c-87e1-f083880cec8a,fa921844-99b9-4a76-9913-704298a0b3a5
91bfbd3b-1da1-40cc-a595-e2e69ef80981,b1f0456b-c5d1-4a21-8a4c-313389b7da21
91ca7117-19a8-4e5f-9de1-8c5e471a751d,f4e2bb69-d151-4455-a050-3202b9870ea7
91ffdea2-b244-4fc1-9034-1c83f378af0e,7ac74552-fc87-48aa-8ca0-9061565327ca
935de9ba-fbb6-4835-85f9-c0c129e8a728,676862d8-9ae3-46b9-beb7-e73071feee69
9379738a-8eca-43a7-810b-d523b21f722f,5d70413d-f7d3-4ca0-b9f4-7b18843b7556
937b6e88-cb49-41de-8876-907e912c5757,24314984-684a-4084-a704-5f6b93361bb4
938d67a1-f1aa-4242-9c1c-a117ad4156f9,564b213e-a3a9-4fbb-a62e-cec9599bdd6c
93998e6a-ced1-476a-87e0-08b421bbd882,1da3da0f-fe54-4ffd-a071-d176eeb224a8
93ff5427-3e23-43ae-b92a-80fa21a95787,e687ed2f-7456-4923-b649-715780f077c9
94514063-90f7-403a-91ca-1953cfd5cb25,b87a7833-641d-470a-986a-61cf574d3a75
950a6f20-4aa9-4bdf-96f1-7e7122401f57,14466cbe-2db5-4376-b549-67e96cf9bf4f
95296e00-a7b8-49da-b622-233a46ce58f1,8730bd50-f770-41cf-bc54-9c5a1016d789
9550e212-3f76-4a53-9e36-59aaa70f408b,f93d1719-8f4c-4208-9a48-b59db0e95355
9595df48-b23d-4880-b015-b7a4e36d5c51,2c83090d-2cce-4e52-997c-4d0c898095dd
95b583cb-6faf-49b8-a4d6-ba14b514e180,b549f31d-1444-4026-9fe4-b14d0743d5ee
9609ac6a-2d75-4854-b63c-8d544d37413c,075731be-f5e0-421c-b642-612ed6eaee2f
96407d74-c424-4d1a-8a10-3a06ce45c417,666090df-47a1-4e76-a4bc-ecadd377f99f
964788aa-dd48-443c-b546-5fb7cf9a9bbd,1952e3e8-a78a-420a-9cd2-e3ab972857ea
96679e44-8b8e-4366-95e7-bdec0a582f02,91e55f70-4e12-4fb6-83e0-c3efcdc4fc7d
966e3d06-3c3b-4c36-9909-a16d51858514,f5b6fca2-40b1-4232-b2a8-7349f5aa9e62
968d8682-3dcc-400a-b40a-f7d71d5f43ff,8414d5d8-f203-4be2-a8c8-822992ab30b8
97285c8a-e5fc-4098-8b03-52f6e9add19f,8d770ce1-eb09-4c4c-8f54-90fa59f226bd
972ec9c7-9a01-495d-9749-a13d2badbccc,a203735a-d506-4769-8ea3-cb12ac3663b1
973f71a1-c045-415e-9b80-348d778f1a36,79704b67-8172-45c4-bfa9-3e6151b5ea9e
97446417-895e-48fe-a0d1-b1d687fd5713,400d3e59-a4cd-43b7-83b5-899c68f97cd7
97b898bf-ad93-48df-a271-6661ab0b4418,588b40df-0896-44cb-90cf-90a8978f4037
97b898bf-ad93-48df-a271-6661ab0b4418,6ffd42b7-15f9-4209-b676-f7953c69654d
97bfa2aa-b19a-4c96-909d-63656375165e,138639c8-4c68-4f70-b409-0859cf145b43
97d0a1b0-6380-4c03-aff9-b07456ca8fd7,2cbcad5d-cd0d-41ab-bffc-1f463feca8b3
9870b603-6b1d-4361-92d9-0a3208676991,94e2f842-d6ec-4770-980e-f2ed69914a59
99c4ace5-2d8e-4e42-a64b-92e683145245,19230bf9-9ddc-4592-a2f2-3c0390b5a132
99d565ac-d991-4460-944d-8d42888deeb6,2f3dbf9a-5dd4-4ed9-aa3d-9411e01152dd
9a044fa6-342d-4fda-a1f9-be53987d6d27,2f1ae976-ea84-4321-940b-e8bda629620e
9a0cbe15-19ab-4368-901d-815013292089,b50fbd8b-d35c-43af-ade7-ec5f4f3a77f4
9a2b8be5-0d74-4fbc-b07e-434e55e239e7,c5bdbecc-00a7-416d-93d0-17e0df663577
9a48c797-0557-4c02-9dab-7c7cc2b5bd7c,d8131ab7-6eed-41ff-9592-b3fd1be4a6e4
9a579280-98cb-430f-a70f-12c1400a825c,718f62b4-17c4-405e-8905-1988860a5232
9a69f430-373a-4658-86a3-052c988f8972,15442feb-7cd7-4728-895f-2fda6422aad6
9b2d91e5-d157-41c0-8883-beff92db4e7e,2724c937-54c2-490c-b1b8-74aca07a1078
9bc004b9-c6a5-4937-a8f1-a7e84dbe5b9a,dffeedbe-ace3-453b-9346-180528803f21
9d6a29b7-2d84-423d-99a8-3165d0b35314,865044ea-26ab-4e2d-87ab-5e263c50e094
9d764bce-1ba7-4c3f-a858-137d9c6b7c1d,5b9fa1aa-1c55-4a9b-8470-fb77136b9f9f
9dc8862f-1dc6-45b4-9b9c-8b69c403c4c0,bc1f8702-8f9d-4ced-922f-2c50b8ee8531
9e21ab47-16c7-46dc-8530-b7ef474077e4,545fc16b-0872-4cd8-9a84-e30b7dd096d9
9e228c3b-4ee6-4ade-8c8d-d7d8a336fedd,8e17a174-187f-42d8-96de-5b48860812bd
9e5d90f8-d1a5-4edb-9931-a1e5889e9682,ca551ee0-0428-4dcb-a065-a3a7f27fa755
9e9416c6-2fc0-491d-89b3-f42ae25942c6,8309ab38-a1d6-4cfc-8f18-fbaf3152f633
9f84fd74-c55a-4a9b-9973-7ef1ad61be89,c9b7c395-55f7-41f3-98c9-e54861761fa7
9faed606-6ba1-4723-b5fa-bc79307bfe74,be2dae5f-5ec2-4c88-8ae7-3428dec9da50
9faed606-6ba1-4723-b5fa-bc79307bfe74,c35a16bb-a23f-49ed-b5b4-dbb0a9afbba0
a0e42464-7855-4f47-9dc6-8d0acaae1288,1a6b292a-dede-4166-8b50-490a47b29001
a0f71dda-22ab-44d0-84c7-c1da812ec75a,96ff435e-c1ce-4fbd-854c-7b1d2603d672
a100f8c1-8d0f-4d4c-8aba-fd90f83ef881,1633a294-308b-49ea-a47a-532b47b4601a
a124e738-6cf2-4a72-9f46-e34cc52b1793,bde125c0-b07b-4dae-aed5-a7cd5649ce8d
a13e1929-139b-4471-b29e-f64e06bf6f6a,9023b0c7-8b06-4410-a5cc-31e87ad0198a
a155fc83-2807-405e-9ece-105316df8070,7e9b0dc8-1eeb-477f-af4f-5167a9f40ad4
a18b91d6-2a48-4aee-805f-c2c1b133ad7f,5107d7da-d452-4c29-8cf0-f23e5bc14251
a19944d1-861e-469f-8e03-ff2a78e20b63,0535173d-b828-4394-a0fb-46bccab80a21
a1b7df6e-8e32-4689-80c4-77325d470a3d,5b683b66-2e27-4660-a769-95dcd8d1102b
a1d6fb0c-0813-4822-b468-0ee14191fb97,56d9923b-cee1-465a-bee0-97b528fb8c5d
a2748726-1acd-46d5-a826-f54947837124,5c402a56-b264-42a9-be85-898922eeacae
a292c112-574a-4a11-9df9-54b63b7483cf,9d3848e2-0fd4-48d7-8b42-cb49ca6e2a04
a2fc8604-8bde-4759-b26c-d60f67f55f1a,80243242-6d4b-4b28-b5b3-7ef2eb480b6e
a330e22d-8e34-4ead-804e-b43d879abdfe,a1f06eed-4147-4d8f-84c4-d002e0f05179
a35a246c-57eb-4dee-abd8-c7e8d98a6f06,37ef63dd-e036-4706-a795-8c6b6d366881
a35a246c-57eb-4dee-abd8-c7e8d98a6f06,3a87cbd5-32a4-40c3-a567-1ee917efe026
a3c4f383-98a4-44f7-b930-4c92df012c4f,0942fe94-2f7f-4c6c-b0ac-1cf9ec9ed949
a425986b-2512-4a36-b376-f93eecc32756,d3316fbc-adc6-475f-a940-399737ae928b
a4e0e13b-bc69-4103-b1ab-30256e1f7f06,39a6cad5-1538-4bc3-9f84-05e5a61c5878
a4e5373c-5297-4216-b3bd-be50bc551a2e,0cd1d2f6-af0a-44b5-a854-d4b24e6a13d2
a548877a-f943-4834-9698-2707b54115bb,03dda112-6170-454c-9193-3f2867f0a707
a7137cc1-193a-44ff-a3d4-710eb6e958f5,7eb56b8f-c77b-4610-b589-fecb0f44f571
a730f452-e21d-4621-a399-6a5e2e7371fb,1440a476-77ca-4891-adda-526155bd8513
a73e1e1a-2e47-42bf-91b0-46d86d84255f,3fae53dc-c128-4fa8-bdee-77d2ed3afe79
a78af998-8526-4851-8077-e5cc6bb7835b,735ce00c-5c64-427e-8ac3-9afba203cb69
a7acda9b-ef98-4a4c-8061-2f54721337e7,d8f32694-bf56-4680-8437-75c24d84e8a1
a7bb53db-81fb-4d87-ae66-283bed785d9d,b647b872-9f6f-49a6-ae33-2ee01e55b0f5
a8031839-193d-42d4-a76a-8833093386c8,ae37925f-6ebb-48b3-86b3-d53257210705
a812e986-2319-4c98-843c-a79f168ee147,577b732d-4940-4cee-966c-3a92756a55d4
a81be86c-0519-4ab9-bdb1-8e892f32c854,18667d16-6ea8-496d-b330-0babf591205f
a8626e9e-a93d-44cb-bd2d-d2bc400e570b,753694e6-a47e-4fdd-919f-492ba7d565b5
a873f312-ceaa-424d-81ce-2cda0f241c0d,3f02109e-b075-4ed0-b2fc-dde16940235f
a897e9c9-a05a-44f9-ad0c-8390756b7728,fadf977f-05a3-4a85-808a-5ae327ddd730
a89c9dd9-5aff-47e1-bccf-3c288a201e11,013a1722-dc13-476b-92c1-10e7ba1017c0
a8ab6ee0-49ce-460b-a622-61ce6a11eff9,a3418f33-4a50-4bfc-aa45-7b92e2d75274
a8d7e456-9bbd-465e-bdfa-c8c496b3d3c2,18f6d283-3df7-4845-a590-d017bab2fe3e
a99c4a59-0bac-471c-8713-0d440914c72e,ee6675f3-5fda-4909-b394-94c2982738dd
a9ab8f5f-2a96-43cc-b111-7de7387a8900,5fdcea0d-02e8-4b2d-bec7-e170408e0000
a9ec9c88-a699-4d80-bd0c-6813fb47f885,ece31166-aacf-43d9-a386-5b4721ba05c2
aa6ae12a-bdf6-43ac-b773-1889f59ffa71,47b0eaa5-0572-4ca7-b5dd-5a4bc22ea227
aa97ade6-b441-4ed0-beda-5c547cebd159,09375f8a-463e-4866-a093-a893725870e5
aac175a2-9336-43f5-b4ef-1dce027add0d,3265178c-282b-4ac0-8dce-1ca51bc429b9
aac9f9fd-0ccb-44f9-9fb7-5d9e5a16cffc,71c17e83-fb9c-4928-8466-64d027621ce4
aaf2fa02-36ee-4bce-819d-c4469d28b336,a718518c-f0a7-4eb5-b08d-376a1a009413
ab33504e-ff07-4ec2-af2e-65d44d0ea57a,3b8b81d2-aa0d-49c0-91bb-1d3dfc5d9030
ab540226-95dd-4881-ae98-cb635bb6aff1,9588d544-abbd-42be-ba4b-1a076cc049b8
ab611420-036d-48ee-8a04-1c01d3f7ef4b,5cd43dd8-31f9-4d7a-a678-780384cffb7c
abc234bb-ef5d-4dfe-8cc0-4f41c3e71d86,ee05a94a-482b-43df-8b32-0e449fe76a8d
abc3d891-6ffb-4395-8d54-c3f17f19d405,b1325a67-a56f-4480-843f-8c7bf35caca7
abe53589-99cb-4cdd-8654-dbef16ddfc1a,3e8041d3-a462-4431-98e2-c0bf3e346028
abf1fe79-f572-4b22-9a1b-cceb16a8289b,1c51448b-4ca8-4131-bd08-867b4a413863
ac5c8ddc-0da2-4c97-80d8-ec65ccdd102f,cb5a80f7-663a-4c36-a4a2-4de6e92c2440
ad154d2d-1bc1-49f9-b467-34f95a88962c,7951629c-ef9c-4fa5-98e3-74577a19bb34
ad720430-7dad-40f0-b43b-a4710207173d,f5b44ac5-e324-427e-b518-7d7893c76fa5
adb22076-20a8-493b-bf34-96245f0e2842,3d9802fd-7122-4770-969e-91927f5808a9
ae8ce58b-1b05-4a09-9e2d-ca5544466cc8,e74febd5-38b3-41eb-ae67-549e1955348c
aee01ea6-9dbd-4083-8a3a-d015d33ce078,242f9549-d98d-4541-9a0b-ca9d026262be
af40c2cc-4913-4399-a4ac-b2048717eb2b,c9518286-7e8a-4f88-abe0-50fee2346d3a
af6d50bf-99b1-4758-869e-7f3a5e255631,a6fa501a-d915-488b-b2dc-a411efb12f28
af88816e-6e4f-4899-8d90-9dc304833859,b28ef437-13a9-4422-8217-85cd9e550bf1
af97f54f-3654-4ded-969c-2d7a204ea97f,3076185a-8de9-4ef3-9bba-de1f09580590
afbeda6c-67a4-4196-84ac-45c2a0db3208,e2c2b575-788b-4afa-a499-c40c43129335
b036ddc1-183e-40e4-aefa-5dda166a2c5d,9b0e3b52-cf41-4b84-baf8-2dce7a9d7571
b04166f8-c53d-40b4-92db-a04b3341f7f6,8590e85a-85e4-46e7-8fd1-6d49e2cfc3ec
b08259cb-92ab-4413-aeff-49d3d7b75235,4513f017-58c4-45b5-96d6-8b181cfacb30
b0f0ab63-5906-4752-8c46-9d77ce6ebbb9,5245535e-5595-4daf-b82d-438b22698296
b179d70f-aa4d-4ec1-962f-97c1fbaa7af4,9a1e4082-50f4-4bf8-8e15-52a31da54e16
b204fec4-39e0-4e6c-bf73-1513d7b80dfc,514cab8b-8d91-48ee-b1e5-f98930a4ed7e
b254c979-1250-489e-ba34-211c211d231e,9a3b8b4b-b8db-4b57-801d-41361ab719a3
b2b1c7a3-c5f3-4c86-b3ae-b17c85214615,f09de875-c196-40b3-8f88-810cc66cec11
b4cd412d-8a05-456f-9e70-403a3dd17f6f,e0745d92-2a5f-4125-a458-57cec1060476
b531988f-a985-429d-9fe5-323d341af927,ddafb3a0-203f-4c10-af65-a16a74dfe13c
b53c9c0d-c97b-452b-925e-707f1dd5ee94,82d8c7af-e9d2-440f-b34a-d17b62ff8ad8
b55ebc45-3248-41a0-ba37-fb503d8fba90,1dcdbf8e-19d3-4a26-9733-1aa1d1e561ce
b5e23a58-a9e6-4a12-9a7e-fa4ac9660ff9,6d31bb4a-ffa2-4c86-b813-230fc29c0376
b63221d5-086a-4ee7-bbcd-69d596804a2c,20a38577-4507-49d9-a1ab-8cbe2ab8db7d
b636a755-99ec-44c5-baec-38ce22e21c12,10958dec-ece6-4eb3-aa5b-bc525250bb56
b6498818-300f-4f6f-8bf7-54576b8c4c62,5640934a-2965-49ad-aba0-70ddd9c24809
b65ae744-0f73-419c-8c91-b56f16ae6ce9,bf46c000-3ff8-4440-a29c-c4b6040c3de4
b66bc54b-f871-460c-9302-c77240be3817,df93bafe-4dfd-4b0d-beab-468be36e9656
b682007b-876d-4321-b77b-3aab84d643c3,92488e22-704f-4378-af83-4d11949eb6ca
b68ec647-4f25-4c52-bee0-46adf7f6420e,546395d1-9d7d-49e6-850f-6efe408d47c2
b738e305-57ce-4c8b-9b23-a4edecfe9870,01555445-dbe7-44f4-8188-f76f60758fa2
b74b0ea9-4c25-4261-842c-5364f821de5f,3d5b8f80-6114-47bf-9d37-79127b650aac
b7791141-1d32-42a4-85e8-5b0358ea351a,c18a3539-3c9e-47b3-b501-17d84353fe04
b78c3213-8844-4b10-b343-230a92dad4c2,d2331858-1886-47ed-ad01-d93bd4e1a79f
b803fa80-1022-4c0f-aa7f-93b80b783c70,9a899bea-1452-40c8-87b0-461ded8b2002
b808e1d3-646b-40e1-8d87-ecec077bdf44,de0209f8-213d-460e-84a9-972b2bef98ba
b83ad537-6a02-4b12-8499-160d576adb5e,b5bb54ed-4337-4a54-a010-69025ce836ec
b83ad537-6a02-4b12-8499-160d576adb5e,be748d86-df93-4f29-9ae3-a7429360ec76
b84c07cf-65d5-43c2-b9cd-9218391e4914,5400006e-8326-4078-8264-88749042d77e
b8ee6873-5a01-48d2-a29e-1726258352e0,383840fc-fff9-477e-97ae-2c04daf1baad
b8ee6873-5a01-48d2-a29e-1726258352e0,5701479d-9d70-4b98-9356-e1dbc932fd5d
b929fb7d-c71c-4820-83a4-def1d61f6a70,bc09f231-6186-4837-bef8-e7ec7d9f174d
b92d0bfd-a2cc-46b7-b147-332f291bb20b,4cc439a9-2a04-4d3e-a202-d740878cde83
b974d387-64d4-472c-a372-c28a64fea2cf,0b6d0701-e773-44f7-b8a6-f97d47b420ba
b9db2fd0-0cc6-49cd-929a-76535711588a,9edb35b6-d15d-40e5-b516-6a6242de7820
b9f36924-a4f8-45e1-9f4f-c0b539893620,44be71a1-28d6-4a78-947e-b4fafc2d5424
ba00e7f0-f2a1-44e4-89e8-feadc499a7af,5c9dc55e-a072-451d-9b6f-34a91e56b4e9
ba3626c6-0025-419d-a99d-f02067da5506,9abe1ac0-9fd2-46db-80bf-7a53fa784eee
ba4b370f-9466-472e-85ef-b27bb3908370,c6a52578-1656-4169-a32c-1954d2e0cd52
ba5dfeb3-2d55-4bd9-a7b2-435fbb144258,5efbf97b-8ba0-4b08-98a2-f8f409d2a51f
ba66fbd0-26c7-4787-933f-43c0eb6cbf3f,dfac60cc-2cab-417e-824a-9d1ed6a3aa1a
baa17ca2-5bb9-4769-88fa-860ae1ca06e0,431dad53-bffa-48e3-976d-516378894114
bad3a5b4-373d-4579-918e-3cac8254c6d5,ce413c15-b959-4c56-a489-f035a3aa55c2
bb1d728f-0284-429e-be28-56f13e6336b8,c70f2723-b785-4cd1-80a0-3d94a5e89442
bb6152e8-8c79-4ea0-a1da-fe7f4172f6a1,0f9668b6-2b1f-4886-a07b-f2285c2bf848
bb62987b-d100-4a76-8506-6acc064bc92e,21d820b6-1c1c-4869-bc1a-dae885cc15fd
bbd0dc5b-262e-411b-bfb9-a621f9a9193f,32a9a056-841d-4a76-b5e3-b76d1c1a8484
bc4107d2-a460-4dbb-bf1f-d2a067c2490a,5a30c93d-f65d-46b7-945a-c7ea5e74dd6d
bc83ef4a-ed11-4857-bf5c-7478c9940af9,c83c8790-2bae-4c1c-9f38-5c404d569bc5
bcd9df1e-8945-4e98-9f1e-e171e4c02a5f,4e4c3164-2617-4390-b64e-69de3b55f6fd
bcdca357-2284-4969-ba16-86cc48caf31e,c2078ae7-5e2b-4eb9-8e69-f31c7f07c000
bce90657-b66f-4117-8d2c-c90f34275465,20236cda-7f27-47c4-a00f-4c06d2fededb
bd0a517d-e2cd-4f41-82f3-99c6c021be23,dbb7ecdb-a5f7-4aa9-ae3c-86ea48ccb9a4
bd3f3723-58e0-45a2-847f-c8b68683324d,d7334ee6-6718-4c6f-b8c9-a073ff9f3a2e
bd6eeea5-e29e-4648-a391-2a5275fb2102,ddc02713-2dab-41e7-bb92-9e163d80a398
bdb0e5fa-a7fe-464b-9f98-53ad6b8819d1,e359adee-f81a-4a88-8c66-2f3a76258045
bdc0d75d-ef6e-43f5-8f16-1fdc648ce480,04988780-0952-4d30-8065-ec30caafa468
be2d947f-033c-4b40-a027-da0de35e606e,37af8880-dd4e-43c3-9870-4ec5d8c6c321
bed19ed2-9ac3-4b96-a061-a34bdbb4e758,c5ec5ae8-fc41-4c78-a0a4-b2e3bc43df03
bf03e333-d3de-468a-b644-3adb395c3cc8,3c6cfc98-4ad5-4916-8b39-3482e5d96068
bf15bd2b-fba6-4308-ab2c-854c62fa08a7,ed747ab5-253e-4b08-a415-63166d2fc5aa
c05a0621-728f-4d41-8c2f-ec676f8f6f3e,f40f4b52-1dec-4f0e-9723-28ec2adddd55
c06327e0-e533-4e6f-84b4-fef11ae2cb99,2a979a70-fa12-49e2-b4fc-60292f1ef72a
c0637e99-d713-484b-9c0f-10b8a8e1a250,48b9a462-4a2b-4af6-99e2-bc16394e8056
c0e8245f-6c24-485b-ae53-84dddb1a5bc2,f8408a7d-0d75-4447-b832-2518bd4dbee5
c11da7fa-0d65-4360-8f2c-a0940b110e2d,18eae54c-ea2a-4301-8a69-979f15964508
c1b609cd-d034-4990-8b6f-3ede10ee8183,5e4dd974-83c3-4aad-b9ec-ed9cf34efc86
c2982e45-b159-4180-bc26-12782e126071,52f0e1f5-6e1a-4e6f-a1d5-7b659dc11942
c2ad9feb-2ed8-49f5-b75c-da7d24b6bcf8,64156ef7-9e38-4198-9c2a-c9a62c5ef64a
c2c7f0e7-9c52-4743-bc90-b9056d09c606,e51a00d1-dd5b-4876-afbc-de4bf55d257d
c321b0f8-f6fa-434c-a720-5ca2eb98c6ee,65a73aa2-5471-42fc-a5c6-3439c6ac6b36
c34a3e84-6d3a-4451-ba02-a6b879b0d276,40f50ff3-1a1f-411d-9d53-535a6ad757bf
c3aed5c7-ff59-40a5-a48a-a92f52c2d97f,31a0941e-ce9d-40ad-8d8e-f24926056461
c406eb3d-fd65-42db-ad1f-9ff9efe0cb28,21075581-34be-4411-86de-193b50311346
c4144c29-e241-4dc5-8eb1-ede8069dd613,f37d569f-65c5-4b8b-8d62-10a71a2dbd75
c414be26-7b9b-4d2c-a34e-3c7edb7a5321,f63828cb-b457-48eb-82ac-68f9c2476bbf
c4215fb8-21e8-4522-8d1b-fb2bdbe7600c,11cdd04d-1f94-4436-8278-5cdbe0da4de7
c44e1bd4-ffdd-4bb3-b9be-d6f47390e2e1,89fb12c0-69aa-4765-a99d-e7b9157071d7
c499b86f-5252-4f4c-a245-f71cfb95bf99,f2c02619-d98a-4690-b6c1-63a8ee71ed69
c4b42d2e-9cd0-4bdc-946c-3c702f06f38f,7493ba2d-61c9-4968-b1fd-216112b22465
c4df5499-5e30-4761-b57e-7226c3947ae2,b02d1b73-2a00-46eb-97ca-924e40e2900f
c4e68d80-612d-49a5-a467-46d04234eb6b,2c7cd3bf-a48e-430c-a917-c89949328890
c542ffcc-3861-4d34-af58-8c48d46cd331,e5b20d58-b455-4834-a01f-e5452ebb0bde
c55514a1-51c1-4369-94de-7f14d5dc1b7d,fe41493d-2d3b-493d-9e30-57fc352529ba
c5d44fd5-298d-4fd9-bda5-50e776073fbd,54c00c3d-2ae6-4c06-9dfd-a0bb4d166b0c
c69e0269-9039-4514-a110-dcf8471e1013,c24a9cc5-fa84-462c-b937-affc1e85b156
c6b04614-80c7-4490-989e-41150a2eff28,31d7c800-e10c-4a08-b492-9364e187a9de
c7078314-ad3a-4f11-99b7-0eae9497d7d8,ca87aa28-65ab-4e70-ac27-7f5a113514bd
c70bdaec-c7b1-4c68-b8af-a1e5d3231302,876023ff-75bb-4519-bb56-1c52173898a8
c7315722-8327-4daf-bf53-afef9444b61d,3cdbe22b-6f3d-4a40-b42b-b5ac7769b3ec
c7f81df5-4965-4b18-ae86-c9c00471566a,293482c4-e7cd-4a62-b1b0-e9b1dc043abc
c89f5189-f62c-4637-89ed-76fda5f39fe2,d7d85029-1ec8-4af3-b066-6b1a9aa05c8b
c8bec220-a122-40f4-b987-05243cc28962,0b643086-24ae-416f-b0a8-1eb0b07bc7bf
c8cdca41-786c-448d-bcf8-fc005dc9d978,08fb1ccd-586a-4934-b8a5-cad3a1835e86
c91627f0-ce89-41d7-b0c6-b0ddfd69880c,02691c21-cec3-4cf9-bdff-d0a1889e93d5
c977d12a-e9eb-4587-8f6d-9a303eca933b,1b9dc1fe-78ae-4aca-9b60-52108f28c097
ca9661be-9016-48b0-89a9-8bb11aba87da,bd2cfee2-8d04-49ce-ac95-a08c45c1d25e
cab5351b-dc06-4daf-b5ca-e1589e78f38b,50688dfd-09d1-4173-ab6e-32a3084a203b
cae2b4a2-491c-405c-8aed-39498c91f3bd,1d252dcc-5ddb-48de-ab3b-cb47477591f2
caeb0370-bb21-4dee-9c35-683c649f48ae,bbb0368b-f2f3-451c-b06d-c49a2b5a4071
cbcc6442-41ca-4a70-a7b0-76fc38445a39,ffb65921-8575-4dc4-99f0-a66fe1f67e4b
ccd37b2b-b88c-47f0-97e8-f89765a5eefa,28507c36-63b3-4b59-a94d-8bca1a0135b8
ccec62a8-f4ca-4373-b2db-8910e2913ccc,c7b1c760-3914-4395-ac49-9e8d3f71e873
cd470df1-b63a-427d-be50-658fa81d0396,cacca7ff-fd08-498a-8d38-3ae08f326e05
cd8e2e6e-0e41-4e67-8715-e29c353e7b5a,f47f271d-7a97-461a-99c3-169ab6b57c18
cd97d2d6-034c-4bc2-af9c-40389dd817b7,4343379c-0e93-4ccf-ab3b-56b0ecae859b
cddabefd-5298-41ea-85f7-b4636fa65395,c44bd91f-8c1f-425f-974e-2310a6894d47
cddc34f9-d06c-4b06-81ac-4c0f9ce8345b,62787a16-8da3-49b6-bc3f-1dc9e9c38166
cde28042-5cb5-40ae-88f2-dc2265f0862a,3bd8f810-960f-4c42-97db-1399243ffdab
ce1a0c29-8194-4afa-9e5a-aecb64f787d7,146241a0-64d2-495f-a48c-aa32e9be00a5
ced1d1b8-b780-499d-b120-9107ba05ee86,37749c73-6538-4bf4-b59d-668f1ff89296
cef74016-1bbb-48f3-8537-00af312d3a63,5a6ff853-c89e-4935-9edb-e2e99e868ac5
cf0ad514-5acb-4a12-9114-45e9be691c0d,6406249f-a8d9-4df7-a61d-cfd0e6e2ea1a
cf207de6-4547-4468-8395-3f8104989a88,c75f4d29-c591-48b4-a444-72396ddbda44
cf40779e-7e9b-43b1-884d-01b3c8646249,ddddda4d-b484-4360-a7de-ccda20c1b275
cfa43ffe-2c9e-411d-a3bb-d197406fb640,b4f4d040-4de3-4c5f-9e19-83fae48d4dc9
cfdd3ad2-beae-431f-bc22-983de4da522c,ea624ea7-6109-491c-b8b5-9e7d808a1893
d05cf228-8960-4fe1-ba75-0f7859e686d3,4ba3dd80-2ef8-4a4d-a67f-e9f60916da87
d0679ba7-df21-4d73-a3f3-8c015c16259b,3afb745f-5a2a-4df2-9cc8-9cebc8af6761
d10e6131-b9d9-4c80-b5c6-9aeeb0ff9661,bdb9af2c-e987-42d5-a2ff-75041f9e20cf
d11a1f67-4cd9-48ba-812b-405abcaafc18,90d34078-e93a-4aab-9093-32f3474dbb56
d157c303-9603-48c7-9ae5-95de41478fc1,dafb134b-0be1-4306-9033-d7809fb36900
d22b6579-2299-4e79-b085-4a975fc08ab1,6f538f7f-831a-420c-9d09-7b6ee02e3701
d24f3193-ed76-4a79-b54a-98c64681b0bb,a4ce871e-cb70-49db-82ec-388f6c1a8d8b
d312e9ff-e864-4375-b18c-5aac875d3590,81fda5c0-90c3-4a3d-8e0d-8ee5efdb30b4
d33d8388-97dd-455e-a048-564a2774c19c,a16f34c4-84c6-4380-b5b8-6dc423fcaded
d4273e99-0ded-4b38-9414-f21f6c55c116,ff56d035-733c-4a6f-87e2-d86841496e8e
d5042708-1227-4e16-bd6a-7aa9ab62c90c,bf418175-e01c-4e33-86e1-fbcc3441940e
d52b57b6-48e3-4ee5-9a73-43f30dd42c8d,b05846f5-f5e8-4585-8900-2b5821503faf
d540c4f8-f517-4ed2-8fc4-032a48941463,ce32d06a-b034-44ec-8b0a-a4e7e686678e
d585c8bf-7818-4924-a9c6-8e5a700838f8,22059729-cc93-4e71-8ae9-d57e8a459c7b
d59756ee-b487-41c5-bc69-bae24555b37f,c3330ad1-7102-45a4-b252-423b5ec43bd1
d59af3de-7d6a-4bef-9ae2-4d81135fb8ff,6e261cd6-cf73-4967-b543-4f923a3ee969
d59e813d-1f35-464f-9fcc-17a693e5f694,dd11ab1b-bae3-406b-936a-fc13afa890d7
d6a687e6-2ed2-47e7-9272-9b56463de688,e0f6d582-a352-4df8-b799-9a64574ef6fc
d6c8b910-6570-410b-8621-19da3dc7d715,a0edafdf-f0d1-4073-8786-d9df140b30ee
d6cbff13-053d-4109-95b6-431f13b0d949,37380f6f-8cf4-48e6-b97f-3889b61d174b
d6d17bc9-eb86-4eec-a1cd-cd5a15b903b5,daf0dd0a-8a98-4ff1-9e44-846bef3bb3d6
d70dd8c3-9446-41c4-a415-9b6ceed6f4c3,7c2222ce-c50e-40c0-bc30-bba2dd68c1bf
d74b30c7-9ee1-493c-b113-dd79fd60e1bf,a72d5905-12bb-4fc9-93e4-29e3dea1b18d
d7fa5166-96b5-4a8c-b409-8c117b7fcda1,a217b84a-375f-4567-b0f9-397fdaac82d7
d8a77e7c-7ff5-4ada-8656-a8750eadea84,98047237-fdf8-465f-89be-0a65b551e549
d8a9e9a1-507c-4748-812c-a81ffbad5a0c,8ee1a83b-759e-47ff-99e8-fff4a7a89fe6
d8c7dea4-7ca9-49fd-9d1b-34e1c48d38d2,31685975-36e2-4ed6-bc89-846e867730b8
d90d1341-5dfe-4bdf-bf4e-4bcf067ea8d3,9237321d-1646-44bc-a6f2-de079c3609c7
d944c620-9da2-4ac9-9bcd-3443e02a27ba,fe1bfd92-4316-4bcd-a599-955978972204
d958d779-54f3-4865-9828-9455c9358d45,436f9e67-1e00-4525-a444-596da273db28
d959571d-8f8c-44f1-b2ab-8109b23c4fa5,cbb26245-3a7e-49ef-acca-ceedca49d880
da219084-a192-4a82-99a1-58c0bfc713b1,ecf781a5-18ee-4043-afe5-846119e7b4ba
da906488-96b0-44af-b6e1-dc61957541fd,01101a9d-7de7-4f60-bcce-aacffb885a71
dab7ecfc-b2d9-4c55-8409-40129eb369be,9320f94b-89ea-49ff-b23d-2f8dc67f0547
db162980-01ba-4f8b-96e2-c7b85d88da1c,996689b0-1b08-48a6-98eb-d8e243f38559
db459863-6676-44f5-93de-c722d9ae8db9,701f78ee-1ace-4dfa-88e9-245657e4fb40
db665a54-ebdc-4e2d-af22-f0a1b9af7831,c4135017-cf6b-47cc-8ecf-a0d4642e2020
dbd4f11c-b29d-4c70-9758-5d43699b9fbb,7573e542-386e-4238-9a68-6527d1f45714
dbd59aa7-2520-42ba-b5cc-4d04664636d3,8bcf1790-76fd-4a60-a09e-70b522212d0f
dc1024e2-eb20-42f0-a135-45a2ed9ef80f,b163fa6b-8b50-4639-afbe-68b7bd1566f4
dc3eb6f5-5a8d-4305-8d30-1f5ac7fa0600,275a154f-e1f7-43a9-a595-bc906a9b7e83
dc5f96f2-a0bf-493d-b46d-363bad41ead2,e1f6214e-c142-4553-90b3-8a3e33916507
dc632ca4-675a-4f78-ae14-ec3aa4c52ddc,8176849c-95e7-41f1-98ec-b9cd4a2d2236
dc73fe0f-9f9d-4169-9522-6266aaf92f5f,b4cc8c5a-298f-4086-a58d-f110da6715c6
dcbc20cf-5cfa-4244-9bfd-0e795c241929,84af3038-1bcf-49a5-a031-ed83b84d8a4e
dce98e7a-fedf-4555-b745-e7fa4a45b947,03b99a63-ff30-492d-b8a4-4fd80d23677d
dd278f0d-f0b2-4cc5-a576-55e97903c9e9,41902984-57bd-4b65-a098-ebc5e3b84080
dd580165-be24-4b9b-a6ca-96808c031a32,a9cbaff1-9a51-4c0c-bb2b-93791fc04a15
de05df40-7176-41f3-b3de-4281e385b793,304950bc-b8f6-49da-897d-37547500027b
de084ec4-58c8-4af3-a0ec-ddb936688fa0,464875ed-0d30-4c3f-839f-1b3b5c9df011
de575aa6-e77a-4632-bbef-a9d4eae74a32,e70c39e4-e00e-49df-aa73-6e159adf5fbb
decead1c-6073-4f55-921a-88b42fa7f4d6,cdceef22-9118-4f56-ac9e-434a2a415a22
def3ab55-d972-4503-b944-002327763814,ae91c0dd-4d84-4ab6-93c5-22ce3982c75c
df184406-f01e-4d39-99a9-061ea27c6367,9ab378f5-26a6-4556-b2db-81b4c49921c2
dfa8ecf4-d5d4-49ca-bc59-6d34c7d0f102,cca7c9b9-f7f3-417c-a518-54e4e3eafeb8
dfab61a8-0fb0-4268-9468-20c40f337c6f,2aa86c5b-acb2-4d9f-bee4-5749036b78b6
dff63e17-358b-41fa-b0e2-21738405d90e,37c4b71e-9afb-4c74-b91b-fc7477c6c0a7
e06ee6ad-12bb-478f-8a4d-4e70e99df626,becbf280-3bf3-45b3-8385-f31db222a117
e0b052ce-dc93-4883-ae16-c489e7571912,b69d4e02-c937-473f-86ea-dfd221e7c3fe
e0c27c90-a9b4-44ff-ba8a-99cd7b308929,3a40b929-19a0-46ec-99d6-8f75f854b376
e0d76406-55a6-4486-a8bd-24c8b29ce638,b1ad8c44-0816-4eb0-8dcd-a8652844777a
e1b30a12-2d7f-423b-b7cf-9297a6962b06,913643bb-acc3-4b26-ac09-4519704bf461
e2539f46-5ad3-443e-97f1-292704b2ae9d,aafae5b8-781f-43ec-a102-b1fa9e3b3d59
e2c9bf33-47c3-48c5-885b-d7c7cabe1b8b,ae40f35d-a52e-48cd-886a-8460098c5371
e2e74b52-d13a-463e-b003-ed7fc4458639,e358a44d-18d6-48cb-bda9-e6416a93b7d1
e39778a3-a730-45d9-9f3c-43b81cbd1d77,8a913453-76ca-411b-a639-9ebaecd8a1cb
e47b1baf-0366-4b16-b5be-baacb2abe3b1,0834383a-03d1-450d-ac75-5cbab0b50b78
e48d4b7f-ae1d-4b39-a7bc-1f61e6615046,a334f07f-6dee-49a6-bcdc-4a1d73b86bf2
e5ffb530-8322-4960-b9ac-61f7f6f279f4,99b1a612-1fb3-4ebb-bafc-f30935ea5228
e60e4b23-82a9-4235-af92-437ae8750924,272f4a01-5b77-416b-bbcf-ddd7687f2119
e61fe8bb-b046-45f4-8967-ddeaa8533d07,41c80775-a389-417c-b6c4-f78ef157ec45
e6b18256-f543-4314-841f-5c421eb6abf7,8bd30d27-5594-40a0-98fd-a2da51fcb69e
e6c9471a-2e5c-43d8-8b31-f385102fd0c7,8b3f0191-60b8-4f46-a125-4ad0b0a7c608
e6c9471a-2e5c-43d8-8b31-f385102fd0c7,a4c36592-bf70-4edd-bf62-bb05f58441ec
e6fc1b81-d8d3-4a29-a4de-be2278997855,0d763a97-df35-43ac-8d9d-904c93181996
e73fcf51-b225-4c4b-9b25-6745e0d6e38c,4ca55d28-d382-46c3-aca9-dff3ccfa5510
e775ae8b-85c2-46c7-b23b-a63593e84e87,005c6a14-602d-4c6b-a40a-e7e84be4f997
e7942376-2528-45b7-b627-4c8c8bb7d0fc,138a821d-21b0-4beb-af8e-a7e11492110e
e7955e9b-1c9e-4c77-94b9-14bfe34f39c4,74050630-99ef-41ce-948a-8a01144a813b
e7ac27ee-90a0-445a-9648-a569363179f7,a5d2f487-e60a-4361-adeb-a7c742b31848
e7aca644-6bc4-4f04-ac86-386d9aac7bb5,6b7e37da-2a97-4314-a86e-3d866ccecda6
e7ec0180-11ae-449c-b27d-4613783fa959,7341588a-960d-4722-ae1f-69c2f40bee3b
e80a40b5-86c7-4398-b62d-2e083d4c01ca,5cb568ab-ac02-4210-8ef4-5a24eff469f0
e95030a5-01bd-43b0-a861-97d0cbcbb716,b2fdb1b8-98a2-4253-945a-74bfd2ad5233
e95a58ef-ba80-4e40-9aa4-bf4d194d2386,28e62b7c-16d3-4275-af9d-d3b17dc076b6
ea0a5200-0e9b-4305-b97b-fc64890227fe,104da234-5a3a-4038-82e7-19e91dff2f4b
ea168be9-c3ef-426b-b061-5cf643f720ce,5b0ab1d1-188e-445a-b185-3afdf28b244f
ea7375aa-0fb6-440b-9781-c864c2e3264f,d6632b19-b68e-4f2d-94d7-248315a88177
ead21b60-7259-4b23-a6f0-5bee6b2b0865,ac0ab6dd-02f1-4ca4-ab98-a50f61a829f3
eada87f1-5342-4c34-bd1d-e72c071f741d,26a3c2f9-317d-47b6-a887-9cd4c7242fc6
eb569204-d5e6-4df5-b473-0e4da411b568,24049d0f-03e9-4411-aee4-35cd76d2cb1f
eb569204-d5e6-4df5-b473-0e4da411b568,2ce447e7-2780-436e-b1c5-ed1d4b6ec1a7
eb5f4e1d-76df-4f59-b6e8-7513fe538c98,3d1b41f3-d496-4e77-8cbc-7f746e046c4e
eb838eae-1261-483e-8ec1-1b87d08dbaa2,55d51c90-a43e-44b7-aad6-a22094cac773
ec3a8ddf-a401-4fdb-95e0-ff413215a339,455a3f88-1ba0-40b9-8526-ff9204a85970
ec412fe6-cb08-4532-8010-14e37a113d21,9327db8c-3ea2-4a09-8924-0bb59e8a1fd0
ec638d4b-c1cb-4815-a74a-4693b2ce0d81,9ca664e0-5747-409e-bea8-4f909e8b69c6
ecb45a4b-ef1c-4534-a54d-8e97fe18f81e,3d721348-bc72-444e-b197-a2dc02d3fbe2
ee090a0b-9956-4e3d-a6a2-a07d6afe2663,c1b23e0a-4886-4a76-afc7-c7976a5eeae6
ee4d62f5-55b8-4c33-908e-851e4d28ed4c,b2d41f32-010e-421c-b440-25068f5300d1
ee4dfafc-f88b-4ce4-a3a0-2989ebdfbaed,aae5fae5-682b-4248-9adb-48dfa4b84afe
ee709c01-c37a-43ab-a018-6839405a0ae8,7eb9c742-f062-4417-bee2-dce35f63b928
ee804ab6-8056-4051-8851-cf67c8b70e82,e542d3ad-aaf0-467a-adc6-9d5443dd6542
eea79e92-5050-4574-a594-2a41480ccb19,1dd7911e-edd0-440c-8dc8-1fc735ffb405
eee01f49-1b4d-4cd8-9531-408e499ee3d9,4b01bc14-6d55-4085-9164-ccbe9dcb12c4
ef6834c1-9471-4ccc-af7c-62d3387b3eeb,b0a4e65d-9acd-4446-a58f-c8cd7768a9a1
ef732930-db86-487d-9cd7-c46bc24d3a92,24760169-203e-4a2b-b875-78fe66993c2b
f031158f-c870-46c3-93f8-ff1c864d0fec,940f6fb7-642e-4154-8263-6766ba54d16c
f031158f-c870-46c3-93f8-ff1c864d0fec,9b17e7dd-bc0c-4603-a490-26d5b8c6d914
f0495796-449b-4393-8ad3-22e4bceac2f4,e04ac1a0-d03b-4977-ba57-a23f54b3527e
f06bb3cc-b792-484f-b065-fe22262bc346,0164f610-7372-4db2-a786-3a7cca627dca
f0e708bc-1828-440a-9eda-59ca9ddd7bc7,e147c34a-eee9-4423-8fa8-6cc7e9c455a1
f0fb6791-b6c3-44cf-9fa4-0e3eb9cdb4d6,6f585b70-7203-4741-88a3-5bc8ec463102
f18b5509-b231-4a36-989c-9fc8309695dc,21b10e72-5f4b-429b-b3b9-70e6dd18fb52
f190ab0c-6b8f-4a6c-b352-5927b5fc337b,55ac6943-4ab9-404d-84e0-f8377654046c
f190ab0c-6b8f-4a6c-b352-5927b5fc337b,9b2b462f-2581-4dcd-bdf8-715e080acc0a
f1b7156d-a1e0-4132-9c70-535e32f0c71e,15b51721-2c5a-43d1-b430-f79f595ffe46
f271f575-c04d-4533-bb59-a4d463addaa4,65de7725-fe24-4601-8506-621db5da4c2c
f2952082-96ca-4386-9fa0-2f6e4b30ea1d,ed8ee0d4-4a4f-459c-984e-bf781db3d788
f2b60ffd-1289-489e-b5e0-d6209daf6e0f,fb63f1ac-f6be-41e5-9fe1-51c2d9eb1877
f341c7bc-941e-4ea7-b63b-ff37986ce91b,25ed5017-d647-4124-9813-cc4f1b4b3593
f341c7bc-941e-4ea7-b63b-ff37986ce91b,28e6664c-15f6-41d4-b35a-cc218cae4a01
f348cfc5-743c-4b01-a4e9-899f2939c942,209bc513-36e4-48ee-bb2e-113df476a09b
f356cc12-b489-4021-b294-f7c3a8c25726,59d2be49-8256-460e-9f04-c7c4c3b02d9d
f395f7e9-e292-42d6-8c63-b77f97c545ac,e37c663f-5bbd-4982-b8a9-0f001fd91631
f3d8cf8a-b82a-4d74-be58-ea8e96b611d8,3dd9608a-70ca-4b3a-9b83-58a5c1d4c3b8
f4288893-079d-4d54-bcb1-ca649bfc8b7e,5c68e785-e793-47ae-a4cb-abefd75f7e4a
f44ee46a-18c9-4a3b-afe2-351a1a9e2bab,0daa4b71-61f1-4e6c-b792-c970593af1cd
f5194936-c995-4471-a1d6-451706ca014c,2c31d6cd-b17a-42cb-9b7e-333bd2c60f35
f52e9183-a3e4-42e5-83b8-c2ebcc005133,61d3c6ee-6a40-4db5-a64d-78824132e41f
f547ebe9-87a6-4b90-bb36-4f3aa38f8f4e,137406dd-0f7e-4e93-8e4a-8b8873c5f342
f58daa57-9943-48d3-abd8-c24550240151,f0a540a0-50d9-4722-bf95-ab55f35b1468
f5f9afb7-69ab-49c1-a266-fc69dbdd7dd1,cf687aba-7e64-438f-b822-242d648320be
f62d5f19-565a-41a3-8d55-f0d5c7008a20,d2857c6c-de16-42b7-bad2-29eb87df9d17
f67bbd86-4fdc-438c-bb15-8f1386223e34,eac041dd-f3bd-4c30-b372-a81a4e2fb2a0
f6f1a1e9-d3e2-4194-a737-c80d9c72a249,f120e0c4-ec3b-4a49-bed2-dc2209fc9228
f71f5609-6d7e-48c8-bb3b-492b2fdf1c7d,10619c69-697a-4a0c-8c44-a4cf1dc953f2
f763c705-320c-45ff-a60e-26bc6f5e3e5b,04d195a4-e997-41ca-b69a-a74d08919f4b
f7f24a9c-8888-44af-9878-81432739b7e7,55a5d369-02a6-49b9-ab14-9c574bc13a67
f81dd800-5ea7-41ce-a061-0bda0dc367ca,33289cf1-8c50-419a-a019-6f2d6d7ba939
f8ad2b4b-9b4c-45b8-af98-1465cb0ddbd1,5473872f-e00c-4a15-81be-cf46e795fa57
f9521268-5d03-47b4-b153-e7223be81d60,8f023e01-f212-4a72-87c9-e8cd80b7693b
f96453e4-82d7-404f-a7b3-59993b5997dc,79a4c235-96af-471e-a10e-b8dcc636b348
f98a67e5-1a3f-4eb2-9e14-9913bcdded90,2f1e597f-35cd-4689-939b-b95e1620c84e
f9929ffe-46b0-42e8-80a7-83ebcba0efb0,2b66d264-d63d-49ce-b0c3-e95117dc3368
f9af22ab-7eef-481e-bd2e-3cbec545d65e,9e581d67-c968-4efb-8276-3245b99738a0
f9e5d1db-2179-4f20-900e-adc001bd5f1e,8fb0d8e3-e80e-4ad4-ba19-609ba41d14ee
f9e5d1db-2179-4f20-900e-adc001bd5f1e,c9d2ab5f-3b14-4e98-b9fc-c9b85bda949f
faa0a450-c694-4d1e-b373-d7ebea95be3d,fc090a0a-9c02-4d77-a3a8-6fd924459ed4
fb689809-fa57-4e2e-b7a0-b3e14690560b,48939821-6e95-4e85-8f0c-043613662166
fb6be7dc-1d9a-4f96-bada-7cef1d1f4eb8,27468b99-f42d-40f0-8f15-c447abefbe34
fbf4ecd4-6037-472e-9d2c-a098feeff126,21951b8a-7ea9-4f7b-94c1-ec304062ac1c
fc844454-906a-449b-ac24-a826b02726ce,53f61cd9-4c33-4980-a1b1-83accf68885d
fcdc00e6-a1fb-4848-b144-ff7cbc9f53da,97ea8ef5-e8ca-4241-9681-f2c432b8f6de
fcf07403-cb68-47c0-9d04-5b8e677f508d,3578fbb7-4bd3-4248-9614-8f3bb8e71366
fcf68476-a36e-4b53-b093-694eec49c33a,7becd241-4cd1-43e9-9dfa-3a58305c0fbb
fd596307-0be9-4c8d-8526-517db039b4ea,62f58251-a6a3-436b-950d-02851ea367bf
fd806b90-79b9-4d72-97ab-b5ba62a917d2,e656028b-6824-49ea-9640-15226aaf34f2
fd8fe54e-8754-440a-b3ba-0ab7ff1593d1,eb716c24-d6eb-45ac-9ee7-0f52bb143dd6
fdcd6926-62cd-4706-804a-824fdd683560,9739e34e-6d1d-4fb4-a382-95ea5dc4e0b2
fdd92670-71b5-42c6-8e6a-5b74aea83238,dd0b6d11-d626-4e26-97b4-aacc9fa0f6d5
fde44357-bcd3-4f6a-bf78-223b58bd97a2,9e967125-a729-4e4c-bbbf-326a1856b703
fe015bfb-1910-42b9-b023-13cbf37b4ac9,361db750-0138-46dd-bce9-20e6d9deb6ee
fe5c670d-fd38-42d2-976a-db844ba1706f,59267384-506a-4c06-b739-6f01b3eec6cd
fe742f09-b83e-4298-a5a0-299376744f6e,a7c62d17-df7a-49cf-9e65-a0eeca3e702d
fe742f09-b83e-4298-a5a0-299376744f6e,fcf180f0-a725-4e21-9db5-653bbe83cfae
fea220ab-3f92-4ba1-a1b2-f1e81b5e7a0f,e72203d3-3732-4cef-8ee8-adffbae3dbe8
ff2a53a4-140b-44ac-988c-5c8a48151823,82d16a15-9b51-4f1b-b659-ee30b93063c0
ff92a909-1c9a-4f5a-ae02-a5552e5c4056,51651df0-05e0-4c55-96fc-fa48897edd92
ffb6dd44-d953-42c1-a0f3-011b89dae01f,f01f88d5-c641-4009-92ee-484343c80cc2
ffeb3b6f-04de-47e2-a2f9-21c18d1e73a1,cb01227c-e4b4-4b3e-9438-177faa623f16
fffc5cf1-2b7c-4ad3-b10d-0ae1efdf236a,474d57f7-4925-4c6e-ae81-e9c4fb163223
